[
  {
    "op": "core/text-transform",
    "engineConfig": {
      "facets": [],
      "mode": "row-based"
    },
    "columnName": "AKA Name",
    "expression": "value.trim()",
    "onError": "keep-original",
    "repeat": false,
    "repeatCount": 10,
    "description": "Text transform on cells in column AKA Name using expression value.trim()"
  },
  {
    "op": "core/text-transform",
    "engineConfig": {
      "facets": [],
      "mode": "row-based"
    },
    "columnName": "AKA Name",
    "expression": "value.replace(/\\s+/,' ')",
    "onError": "keep-original",
    "repeat": false,
    "repeatCount": 10,
    "description": "Text transform on cells in column AKA Name using expression value.replace(/\\s+/,' ')"
  },
  {
    "op": "core/text-transform",
    "engineConfig": {
      "facets": [],
      "mode": "row-based"
    },
    "columnName": "AKA Name",
    "expression": "value.toUppercase()",
    "onError": "keep-original",
    "repeat": false,
    "repeatCount": 10,
    "description": "Text transform on cells in column AKA Name using expression value.toUppercase()"
  },
  {
    "op": "core/mass-edit",
    "engineConfig": {
      "facets": [],
      "mode": "row-based"
    },
    "columnName": "AKA Name",
    "expression": "value",
    "edits": [
      {
        "from": [
          "DUNKIN DONUTS / BASKIN ROBBINS",
          "DUNKIN DONUTS BASKIN ROBBINS",
          "DUNKIN DONUTS/ BASKIN ROBBINS",
          "DUNKIN DONUTS / BASKIN & ROBBINS",
          "DUNKIN DONUTS & BASKIN ROBBINS",
          "BASKIN ROBBINS/ DUNKIN DONUTS",
          "DUNKIN DONUTS - BASKIN ROBBINS"
        ],
        "fromBlank": false,
        "fromError": false,
        "to": "DUNKIN DONUTS / BASKIN ROBBINS"
      },
      {
        "from": [
          "SHARKS FISH & CHICKEN",
          "SHARK'S FISH & CHICKEN",
          "SHARKS FISH &CHICKEN",
          "SHARK'S FISH CHICKEN"
        ],
        "fromBlank": false,
        "fromError": false,
        "to": "SHARKS FISH & CHICKEN"
      },
      {
        "from": [
          "DUNKIN DONUTS/BASKIN ROBBINS",
          "DUNKIN DONUTS-BASKIN ROBBINS",
          "DUNKIN' DONUTS/BASKIN ROBBINS"
        ],
        "fromBlank": false,
        "fromError": false,
        "to": "DUNKIN DONUTS / BASKIN ROBBINS"
      },
      {
        "from": [
          "7 ELEVEN",
          "7 - ELEVEN",
          "7- ELEVEN"
        ],
        "fromBlank": false,
        "fromError": false,
        "to": "7-ELEVEN"
      },
      {
        "from": [
          "HAROLD'S CHICKEN SHACK",
          "HAROLDS CHICKEN SHACK"
        ],
        "fromBlank": false,
        "fromError": false,
        "to": "HAROLD'S CHICKEN SHACK"
      },
      {
        "from": [
          "KILWINS CHOCOLATES & FUDGE",
          "KILWIN'S CHOCOLATES & FUDGE"
        ],
        "fromBlank": false,
        "fromError": false,
        "to": "KILWIN'S CHOCOLATES & FUDGE"
      },
      {
        "from": [
          "TONY'S CHINESE AMERICAN RESTAURANT",
          "TONYS CHINESE AMERICAN RESTAURANT"
        ],
        "fromBlank": false,
        "fromError": false,
        "to": "TONY'S CHINESE AMERICAN RESTAURANT"
      },
      {
        "from": [
          "DANY'S TACO'S",
          "DANY'S TACOS"
        ],
        "fromBlank": false,
        "fromError": false,
        "to": "DANY'S TACOS"
      },
      {
        "from": [
          "A SWEETS GIRL LLC",
          "A. SWEETS GIRL LLC"
        ],
        "fromBlank": false,
        "fromError": false,
        "to": "A SWEETS GIRL, LLC"
      },
      {
        "from": [
          "KITCHEN CHICAGO, LLC",
          "KITCHEN CHICAGO LLC"
        ],
        "fromBlank": false,
        "fromError": false,
        "to": "KITCHEN CHICAGO, LLC"
      },
      {
        "from": [
          "SAN MIGUEL BAKERY INC.",
          "SAN MIGUEL BAKERY, INC"
        ],
        "fromBlank": false,
        "fromError": false,
        "to": "SAN MIGUEL BAKERY, INC."
      },
      {
        "from": [
          "SERRELLI'S FINER FOODS",
          "SERRELLIS FINER FOODS"
        ],
        "fromBlank": false,
        "fromError": false,
        "to": "SERRELLI'S FINER FOODS"
      },
      {
        "from": [
          "BEVERLY BAKERY INC",
          "BEVERLY BAKERY INC."
        ],
        "fromBlank": false,
        "fromError": false,
        "to": "BEVERLY BAKERY, INC."
      },
      {
        "from": [
          "POPEYE'S CHICKEN & BISCUITS",
          "POPEYES (CHICKEN & BISCUITS)"
        ],
        "fromBlank": false,
        "fromError": false,
        "to": "POPEYE'S CHICKEN & BISCUITS"
      },
      {
        "from": [
          "J J PEPPERS",
          "J. J. PEPPERS"
        ],
        "fromBlank": false,
        "fromError": false,
        "to": "J J PEPPERS"
      },
      {
        "from": [
          "FRANKS 'N' DAWGS",
          "FRANKS N' DAWGS"
        ],
        "fromBlank": false,
        "fromError": false,
        "to": "FRANKS 'N' DAWGS"
      },
      {
        "from": [
          "OAKDALE CHRISTIAN ACADEMY & CHURCH",
          "OAKDALE CHRISTIAN ACADEMY CHURCH"
        ],
        "fromBlank": false,
        "fromError": false,
        "to": "OAKDALE CHRISTIAN ACADEMY & CHURCH"
      },
      {
        "from": [
          "STARBUCKS COFFEE",
          "STARBUCK'S COFFEE"
        ],
        "fromBlank": false,
        "fromError": false,
        "to": "STARBUCKS COFFEE"
      },
      {
        "from": [
          "RANDEE'S FOOD STORE",
          "RANDEES FOOD STORE"
        ],
        "fromBlank": false,
        "fromError": false,
        "to": "RANDEE'S FOOD STORE"
      },
      {
        "from": [
          "ACE COFFEE BAR INC.",
          "ACE COFFEE BAR INC"
        ],
        "fromBlank": false,
        "fromError": false,
        "to": "ACE COFFEE BAR, INC."
      },
      {
        "from": [
          "DOLLAR TREE STORES INC",
          "DOLLAR TREE STORES, INC"
        ],
        "fromBlank": false,
        "fromError": false,
        "to": "DOLLAR TREE STORES, INC."
      },
      {
        "from": [
          "J.J. FOOD MART",
          "JJ FOOD MART"
        ],
        "fromBlank": false,
        "fromError": false,
        "to": "J.J. FOOD MART"
      },
      {
        "from": [
          "LUGANO'S PIZZA",
          "LUGANOS PIZZA"
        ],
        "fromBlank": false,
        "fromError": false,
        "to": "LUGANO'S PIZZA"
      },
      {
        "from": [
          "BP",
          "B.P."
        ],
        "fromBlank": false,
        "fromError": false,
        "to": "BP"
      },
      {
        "from": [
          "PEPE'S MEXICAN RESTAURANT",
          "PEPES MEXICAN RESTAURANT"
        ],
        "fromBlank": false,
        "fromError": false,
        "to": "PEPE'S MEXICAN RESTAURANT"
      },
      {
        "from": [
          "BANNER WEST ACADEMY",
          "BANNER ACADEMY WEST"
        ],
        "fromBlank": false,
        "fromError": false,
        "to": "BANNER WEST ACADEMY"
      },
      {
        "from": [
          "EL RODEO INC",
          "EL RODEO, INC."
        ],
        "fromBlank": false,
        "fromError": false,
        "to": "EL RODEO, INC."
      },
      {
        "from": [
          "ABIGAIL'S ICE CREAM",
          "ABIGAILS ICE CREAM"
        ],
        "fromBlank": false,
        "fromError": false,
        "to": "ABIGAIL'S ICE CREAM"
      },
      {
        "from": [
          "LINCOLN PARK PRESCHOOL",
          "LINCOLN PARK PRE-SCHOOL"
        ],
        "fromBlank": false,
        "fromError": false,
        "to": "LINCOLN PARK PRESCHOOL"
      },
      {
        "from": [
          "MRS FIELDS",
          "MRS. FIELD'S"
        ],
        "fromBlank": false,
        "fromError": false,
        "to": "MRS FIELDS"
      },
      {
        "from": [
          "DELICIAS ICE CREAM",
          "DELICIA'S ICE CREAM"
        ],
        "fromBlank": false,
        "fromError": false,
        "to": "DELICIA'S ICE CREAM"
      },
      {
        "from": [
          "D'AGOSTINOS PIZZA",
          "D'AGOSTINO'S PIZZA"
        ],
        "fromBlank": false,
        "fromError": false,
        "to": "D'AGOSTINO'S PIZZA"
      },
      {
        "from": [
          "MR KITE'S CHOCOLATE",
          "MR. KITE'S CHOCOLATE"
        ],
        "fromBlank": false,
        "fromError": false,
        "to": "MR. KITE'S CHOCOLATE"
      },
      {
        "from": [
          "POP THIS! LLC",
          "POP THIS!, LLC"
        ],
        "fromBlank": false,
        "fromError": false,
        "to": "POP THIS!, LLC"
      },
      {
        "from": [
          "PAPA RAY'S PIZZA & WINGS",
          "PAPA RAYS PIZZA & WINGS"
        ],
        "fromBlank": false,
        "fromError": false,
        "to": "PAPA RAY'S PIZZA & WINGS"
      },
      {
        "from": [
          "QUIZNO'S SUB",
          "QUIZNOS SUB"
        ],
        "fromBlank": false,
        "fromError": false,
        "to": "QUIZNOS SUB"
      },
      {
        "from": [
          "COMMUNITY LEARNING CENTER INC",
          "COMMUNITY LEARNING CENTER, INC"
        ],
        "fromBlank": false,
        "fromError": false,
        "to": "COMMUNITY LEARNING CENTER, INC."
      },
      {
        "from": [
          "SEATTLE SUTTON'S",
          "SEATTLE SUTTONS"
        ],
        "fromBlank": false,
        "fromError": false,
        "to": "SEATTLE SUTTON'S"
      },
      {
        "from": [
          "WALGREENS # 05867",
          "WALGREENS #05867"
        ],
        "fromBlank": false,
        "fromError": false,
        "to": "WALGREENS #05867"
      },
      {
        "from": [
          "AINT SHE SWEET CAFE",
          "AIN'T SHE SWEET CAFE"
        ],
        "fromBlank": false,
        "fromError": false,
        "to": "AIN'T SHE SWEET CAFE"
      },
      {
        "from": [
          "MACKELLY'S",
          "MACKELLYS"
        ],
        "fromBlank": false,
        "fromError": false,
        "to": "MACKELLY'S"
      },
      {
        "from": [
          "LITTLE FEATHERS PERFORMING ARTS CHILDCARE CENTER",
          "LITTLE FEATHERS PERFORMING ARTS CHILDCARE CENTER,"
        ],
        "fromBlank": false,
        "fromError": false,
        "to": "LITTLE FEATHERS PERFORMING ARTS CHILDCARE CENTER"
      },
      {
        "from": [
          "SAM'S CHICKEN & RIBS",
          "SAMS CHICKEN & RIBS"
        ],
        "fromBlank": false,
        "fromError": false,
        "to": "SAM'S CHICKEN & RIBS"
      },
      {
        "from": [
          "MR. GYROS",
          "MR GYROS"
        ],
        "fromBlank": false,
        "fromError": false,
        "to": "MR. GYROS"
      },
      {
        "from": [
          "THE LEARNING TREE PRE-SCHOOL",
          "THE LEARNING TREE PRESCHOOL"
        ],
        "fromBlank": false,
        "fromError": false,
        "to": "THE LEARNING TREE PRESCHOOL"
      },
      {
        "from": [
          "DOMINO'S",
          "DOMINOS"
        ],
        "fromBlank": false,
        "fromError": false,
        "to": "DOMINO'S"
      },
      {
        "from": [
          "MCDONALD'S #490",
          "MCDONALDS #490"
        ],
        "fromBlank": false,
        "fromError": false,
        "to": "MCDONALD'S #490"
      },
      {
        "from": [
          "EL MEXICANO SUPER MERCADO CORP",
          "EL MEXICANO SUPER MERCADO CORP."
        ],
        "fromBlank": false,
        "fromError": false,
        "to": "EL MEXICANO SUPER MERCADO CORP."
      },
      {
        "from": [
          "EL ROMANCE",
          "EL- ROMANCE"
        ],
        "fromBlank": false,
        "fromError": false,
        "to": "EL ROMANCE"
      },
      {
        "from": [
          "CUGINI PIZZA & EATERY",
          "CUGINI PIZZA @ EATERY"
        ],
        "fromBlank": false,
        "fromError": false,
        "to": "CUGINI PIZZA & EATERY"
      },
      {
        "from": [
          "MR. GEES",
          "MR. GEE'S"
        ],
        "fromBlank": false,
        "fromError": false,
        "to": "MR. GEES"
      },
      {
        "from": [
          "J AND J FISH AND CHICKEN",
          "J & J FISH AND CHICKEN"
        ],
        "fromBlank": false,
        "fromError": false,
        "to": "J & J FISH AND CHICKEN"
      },
      {
        "from": [
          "K & D FUEL",
          "K D FUEL"
        ],
        "fromBlank": false,
        "fromError": false,
        "to": "K & D FUEL"
      },
      {
        "from": [
          "WHIZ KIDS NURSERY CENTER INC.",
          "WHIZ KIDS NURSERY CENTER INC"
        ],
        "fromBlank": false,
        "fromError": false,
        "to": "WHIZ KIDS NURSERY CENTER, INC."
      },
      {
        "from": [
          "NIKO'S GYROS",
          "NIKOS' GYROS"
        ],
        "fromBlank": false,
        "fromError": false,
        "to": "NIKO'S GYROS"
      },
      {
        "from": [
          "ALEXANDRA FOODS CO.",
          "ALEXANDRA FOODS CO"
        ],
        "fromBlank": false,
        "fromError": false,
        "to": "ALEXANDRA FOODS CO."
      },
      {
        "from": [
          "LESLIE'S PIZZA CORP.",
          "LESLIE'S PIZZA CORP"
        ],
        "fromBlank": false,
        "fromError": false,
        "to": "LESLIE'S PIZZA CORP."
      },
      {
        "from": [
          "DAVID'S MAXWELL ST",
          "DAVID'S MAXWELL ST."
        ],
        "fromBlank": false,
        "fromError": false,
        "to": "DAVID'S MAXWELL ST"
      },
      {
        "from": [
          "63RD ST BURRITO & PHILLY STEAK",
          "63RD ST. BURRITO & PHILLY STEAK"
        ],
        "fromBlank": false,
        "fromError": false,
        "to": "63RD ST BURRITO & PHILLY STEAK"
      },
      {
        "from": [
          "GOOSE ISLAND BREWING CO",
          "GOOSE ISLAND BREWING CO."
        ],
        "fromBlank": false,
        "fromError": false,
        "to": "GOOSE ISLAND BREWING CO."
      },
      {
        "from": [
          "J J FISH & CHICKEN",
          "J & J FISH & CHICKEN"
        ],
        "fromBlank": false,
        "fromError": false,
        "to": "J & J FISH & CHICKEN"
      },
      {
        "from": [
          "SPECIALTY'S CAFE & BAKERY",
          "SPECIALTY'S CAFE BAKERY"
        ],
        "fromBlank": false,
        "fromError": false,
        "to": "SPECIALTY'S CAFE & BAKERY"
      },
      {
        "from": [
          "AFC SUSHI @ DOMINICK'S",
          "AFC SUSHI @ DOMINICKS"
        ],
        "fromBlank": false,
        "fromError": false,
        "to": "AFC SUSHI @ DOMINICK'S"
      },
      {
        "from": [
          "AL'S BEEF",
          "ALS BEEF"
        ],
        "fromBlank": false,
        "fromError": false,
        "to": "AL'S BEEF"
      },
      {
        "from": [
          "INGS CHINA KING",
          "ING'S CHINA KING"
        ],
        "fromBlank": false,
        "fromError": false,
        "to": "ING'S CHINA KING"
      },
      {
        "from": [
          "MARISCO'S LOS VENEROS",
          "MARISCOS LOS VENEROS"
        ],
        "fromBlank": false,
        "fromError": false,
        "to": "MARISCO'S LOS VENEROS"
      },
      {
        "from": [
          "DOCKS",
          "DOCK'S"
        ],
        "fromBlank": false,
        "fromError": false,
        "to": "DOCK'S"
      },
      {
        "from": [
          "MICHAEL'S RESTAURANT",
          "MICHAELS RESTAURANT"
        ],
        "fromBlank": false,
        "fromError": false,
        "to": "MICHAEL'S RESTAURANT"
      },
      {
        "from": [
          "GYOOD!",
          "GYOOD"
        ],
        "fromBlank": false,
        "fromError": false,
        "to": "GYOOD!"
      },
      {
        "from": [
          "BP GAS & FOOD MART.",
          "BP GAS & FOOD MART"
        ],
        "fromBlank": false,
        "fromError": false,
        "to": "BP GAS & FOOD MART"
      },
      {
        "from": [
          "UNIVERSITY FOOD SYSTEMS INC.",
          "UNIVERSITY FOOD SYSTEMS, INC."
        ],
        "fromBlank": false,
        "fromError": false,
        "to": "UNIVERSITY FOOD SYSTEMS, INC."
      },
      {
        "from": [
          "EL PAISANO TACO'S",
          "EL PAISANO TACOS"
        ],
        "fromBlank": false,
        "fromError": false,
        "to": "EL PAISANO TACOS"
      },
      {
        "from": [
          "HAROLDS CHICKEN #55",
          "HAROLD'S CHICKEN #55"
        ],
        "fromBlank": false,
        "fromError": false,
        "to": "HAROLD'S CHICKEN #55"
      },
      {
        "from": [
          "VAUGHANS PUB",
          "VAUGHAN'S PUB"
        ],
        "fromBlank": false,
        "fromError": false,
        "to": "VAUGHAN'S PUB"
      },
      {
        "from": [
          "INTELLIGENTSIA COFFEE & TEA, INC.",
          "INTELLIGENTSIA COFFEE & TEA INC."
        ],
        "fromBlank": false,
        "fromError": false,
        "to": "INTELLIGENTSIA COFFEE & TEA, INC."
      },
      {
        "from": [
          "LALOS MEXICAN RESTAURANT",
          "LALO'S MEXICAN RESTAURANT"
        ],
        "fromBlank": false,
        "fromError": false,
        "to": "LALO'S MEXICAN RESTAURANT"
      },
      {
        "from": [
          "COLUTAS PIZZA",
          "COLUTA'S PIZZA"
        ],
        "fromBlank": false,
        "fromError": false,
        "to": "COLUTA'S PIZZA"
      },
      {
        "from": [
          "LITTLE CAESAR'S PIZZA",
          "LITTLE CAESARS PIZZA"
        ],
        "fromBlank": false,
        "fromError": false,
        "to": "LITTLE CAESAR'S PIZZA"
      },
      {
        "from": [
          "POPEYES CHICKEN",
          "POPEYE'S CHICKEN"
        ],
        "fromBlank": false,
        "fromError": false,
        "to": "POPEYE'S CHICKEN"
      },
      {
        "from": [
          "SAMMY'S TOUCH",
          "SAMMYS TOUCH"
        ],
        "fromBlank": false,
        "fromError": false,
        "to": "SAMMY'S TOUCH"
      },
      {
        "from": [
          "SODEXHO AMERICA LLC",
          "SODEXHO AMERICA, LLC"
        ],
        "fromBlank": false,
        "fromError": false,
        "to": "SODEXHO AMERICA, LLC"
      },
      {
        "from": [
          "GRAND PALACE SUPERMARKET, INC.",
          "GRAND PALACE SUPERMARKET, INC"
        ],
        "fromBlank": false,
        "fromError": false,
        "to": "GRAND PALACE SUPERMARKET, INC."
      },
      {
        "from": [
          "COMPLETELY NUTS, INC.",
          "COMPLETELY NUTS, INC"
        ],
        "fromBlank": false,
        "fromError": false,
        "to": "COMPLETELY NUTS, INC."
      },
      {
        "from": [
          "HASHBROWN'S",
          "HASHBROWNS"
        ],
        "fromBlank": false,
        "fromError": false,
        "to": "HASHBROWN'S"
      },
      {
        "from": [
          "ST CHRYSOSTOM'S CHURCH DAY SCHOOL",
          "ST. CHRYSOSTOM'S CHURCH DAY SCHOOL"
        ],
        "fromBlank": false,
        "fromError": false,
        "to": "ST. CHRYSOSTOM'S CHURCH DAY SCHOOL"
      },
      {
        "from": [
          "THE EGG STORE INC",
          "THE EGG STORE INC."
        ],
        "fromBlank": false,
        "fromError": false,
        "to": "THE EGG STORE, INC."
      },
      {
        "from": [
          "BABA'S FAMOUS STEAK & LEMONADE",
          "BABAS FAMOUS STEAK & LEMONADE"
        ],
        "fromBlank": false,
        "fromError": false,
        "to": "BABA'S FAMOUS STEAK & LEMONADE"
      },
      {
        "from": [
          "MR. ELOTE",
          "MR ELOTE"
        ],
        "fromBlank": false,
        "fromError": false,
        "to": "MR. ELOTE"
      },
      {
        "from": [
          "NABO'S",
          "NABOS"
        ],
        "fromBlank": false,
        "fromError": false,
        "to": "NABO'S"
      },
      {
        "from": [
          "SARPINO'S PIZZERIA",
          "SARPINOS PIZZERIA"
        ],
        "fromBlank": false,
        "fromError": false,
        "to": "SARPINO'S PIZZERIA"
      },
      {
        "from": [
          "MY BOY JACK'S",
          "MY BOY JACKS"
        ],
        "fromBlank": false,
        "fromError": false,
        "to": "MY BOY JACK'S"
      },
      {
        "from": [
          "AMERICA'S DOG",
          "AMERICAS' DOG"
        ],
        "fromBlank": false,
        "fromError": false,
        "to": "AMERICA'S DOG"
      },
      {
        "from": [
          "CAFETERIA MARCELAS",
          "CAFETERIA MARCELA'S"
        ],
        "fromBlank": false,
        "fromError": false,
        "to": "CAFETERIA MARCELA'S"
      },
      {
        "from": [
          "ALCOCKS",
          "ALCOCK'S"
        ],
        "fromBlank": false,
        "fromError": false,
        "to": "ALCOCK'S"
      },
      {
        "from": [
          "RANALLI'S",
          "RANALLIS"
        ],
        "fromBlank": false,
        "fromError": false,
        "to": "RANALLI'S"
      },
      {
        "from": [
          "LOU MALNATI'S PIZZERIA",
          "LOU MALNATIS PIZZERIA"
        ],
        "fromBlank": false,
        "fromError": false,
        "to": "LOU MALNATI'S PIZZERIA"
      },
      {
        "from": [
          "PAPA JOHN'S PIZZA",
          "PAPA JOHNS PIZZA"
        ],
        "fromBlank": false,
        "fromError": false,
        "to": "PAPA JOHN'S PIZZA"
      },
      {
        "from": [
          "BOCKWINKEL'S",
          "BOCKWINKELS"
        ],
        "fromBlank": false,
        "fromError": false,
        "to": "BOCKWINKEL'S"
      },
      {
        "from": [
          "ADY'S RESTAURANT",
          "ADYS RESTAURANT"
        ],
        "fromBlank": false,
        "fromError": false,
        "to": "ADY'S RESTAURANT"
      },
      {
        "from": [
          "DOMINO'S PIZZA",
          "DOMINOS PIZZA"
        ],
        "fromBlank": false,
        "fromError": false,
        "to": "DOMINO'S PIZZA"
      },
      {
        "from": [
          "QUENCH, THE EXPERIENCE",
          "QUENCH THE EXPERIENCE"
        ],
        "fromBlank": false,
        "fromError": false,
        "to": "QUENCH, THE EXPERIENCE"
      },
      {
        "from": [
          "POTBELLY SANDWICH WORKS LLC",
          "POTBELLY SANDWICH WORKS, LLC"
        ],
        "fromBlank": false,
        "fromError": false,
        "to": "POTBELLY SANDWICH WORKS, LLC"
      },
      {
        "from": [
          "JAN'S DELI TO GO INC",
          "JAN'S DELI TO GO, INC."
        ],
        "fromBlank": false,
        "fromError": false,
        "to": "JAN'S DELI TO GO, INC."
      },
      {
        "from": [
          "N.J. GATES EVENTS",
          "NJ GATES EVENTS"
        ],
        "fromBlank": false,
        "fromError": false,
        "to": "N.J. GATES EVENTS"
      },
      {
        "from": [
          "JOHN'S PIZZERIA",
          "JOHNS PIZZERIA"
        ],
        "fromBlank": false,
        "fromError": false,
        "to": "JOHN'S PIZZERIA"
      },
      {
        "from": [
          "JET'S PIZZA",
          "JETS PIZZA"
        ],
        "fromBlank": false,
        "fromError": false,
        "to": "JET'S PIZZA"
      },
      {
        "from": [
          "CVS PHARMACY",
          "CVS PHARMACY."
        ],
        "fromBlank": false,
        "fromError": false,
        "to": "CVS PHARMACY"
      },
      {
        "from": [
          "SEATTLE SUTTON'S HEALTHY EATING",
          "SEATTLE SUTTONS HEALTHY EATING"
        ],
        "fromBlank": false,
        "fromError": false,
        "to": "SEATTLE SUTTON'S HEALTHY EATING"
      },
      {
        "from": [
          "OODLES OF NOODLES",
          "OODLES OF OF NOODLES"
        ],
        "fromBlank": false,
        "fromError": false,
        "to": "OODLES OF NOODLES"
      },
      {
        "from": [
          "CAFFE BACI INC",
          "CAFFE BACI INC."
        ],
        "fromBlank": false,
        "fromError": false,
        "to": "CAFFE BACI, INC."
      },
      {
        "from": [
          "TOPPERS PIZZA",
          "TOPPER'S PIZZA"
        ],
        "fromBlank": false,
        "fromError": false,
        "to": "TOPPER'S PIZZA"
      },
      {
        "from": [
          "POPEYES",
          "POPEYE'S"
        ],
        "fromBlank": false,
        "fromError": false,
        "to": "POPEYE'S"
      },
      {
        "from": [
          "ITALIAN FIESTA PIZZERIA, INC",
          "ITALIAN FIESTA PIZZERIA INC"
        ],
        "fromBlank": false,
        "fromError": false,
        "to": "ITALIAN FIESTA PIZZERIA, INC."
      },
      {
        "from": [
          "ZACA'S OF MIDWAY",
          "ZACAS OF MIDWAY"
        ],
        "fromBlank": false,
        "fromError": false,
        "to": "ZACA'S OF MIDWAY"
      },
      {
        "from": [
          "EINSTEIN BROS. BAGELS",
          "EINSTEIN BROS BAGELS"
        ],
        "fromBlank": false,
        "fromError": false,
        "to": "EINSTEIN BROS. BAGELS"
      },
      {
        "from": [
          "TONO TACOS, INC",
          "TONO TACOS, INC."
        ],
        "fromBlank": false,
        "fromError": false,
        "to": "TONO TACOS, INC."
      },
      {
        "from": [
          "47TH & CALIFORNIA SHELL",
          "47TH CALIFORNIA SHELL"
        ],
        "fromBlank": false,
        "fromError": false,
        "to": "47TH & CALIFORNIA SHELL"
      },
      {
        "from": [
          "MCDONALD'S",
          "MCDONALDS"
        ],
        "fromBlank": false,
        "fromError": false,
        "to": "MCDONALD'S"
      },
      {
        "from": [
          "BURGER KING",
          "BURGER KING #"
        ],
        "fromBlank": false,
        "fromError": false,
        "to": "BURGER KING"
      },
      {
        "from": [
          "MUDDER'S",
          "MUDDERS"
        ],
        "fromBlank": false,
        "fromError": false,
        "to": "MUDDER'S"
      },
      {
        "from": [
          "WAGNER'S BAKERY",
          "WAGNERS BAKERY"
        ],
        "fromBlank": false,
        "fromError": false,
        "to": "WAGNER'S BAKERY"
      },
      {
        "from": [
          "NORTH AVE QUICK STOP",
          "NORTH AVE. QUICK STOP"
        ],
        "fromBlank": false,
        "fromError": false,
        "to": "NORTH AVE QUICK STOP"
      },
      {
        "from": [
          "CONNIE'S PIZZA",
          "CONNIES PIZZA"
        ],
        "fromBlank": false,
        "fromError": false,
        "to": "CONNIE'S PIZZA"
      },
      {
        "from": [
          "ARBYS",
          "ARBY'S"
        ],
        "fromBlank": false,
        "fromError": false,
        "to": "ARBY'S"
      },
      {
        "from": [
          "BEGGAR'S PIZZA",
          "BEGGARS PIZZA"
        ],
        "fromBlank": false,
        "fromError": false,
        "to": "BEGGAR'S PIZZA"
      },
      {
        "from": [
          "CLEO'S",
          "CLEOS"
        ],
        "fromBlank": false,
        "fromError": false,
        "to": "CLEO'S"
      },
      {
        "from": [
          "THE BEAN CAFFE",
          "THE BEAN CAFFE'"
        ],
        "fromBlank": false,
        "fromError": false,
        "to": "THE BEAN CAFFE"
      },
      {
        "from": [
          "HAROLD'S CHICKEN",
          "HAROLDS CHICKEN"
        ],
        "fromBlank": false,
        "fromError": false,
        "to": "HAROLD'S CHICKEN"
      },
      {
        "from": [
          "LA FAVORITA # 2",
          "LA FAVORITA 2"
        ],
        "fromBlank": false,
        "fromError": false,
        "to": "LA FAVORITA #2"
      },
      {
        "from": [
          "AFC SUSHI @ WALGREEN'S",
          "AFC SUSHI @ WALGREENS"
        ],
        "fromBlank": false,
        "fromError": false,
        "to": "AFC SUSHI @ WALGREENS"
      },
      {
        "from": [
          "JABROS ITALIAN ICE CORNER",
          "JABRO'S ITALIAN ICE CORNER"
        ],
        "fromBlank": false,
        "fromError": false,
        "to": "JABRO'S ITALIAN ICE CORNER"
      },
      {
        "from": [
          "PRIMO'S PIZZA",
          "PRIMOS PIZZA"
        ],
        "fromBlank": false,
        "fromError": false,
        "to": "PRIMO'S PIZZA"
      },
      {
        "from": [
          "BEYOND THE IVY INC",
          "BEYOND THE IVY, INC"
        ],
        "fromBlank": false,
        "fromError": false,
        "to": "BEYOND THE IVY, INC."
      },
      {
        "from": [
          "BORDERS BOOKS, MOVIES, MUSIC, CAFE",
          "BORDERS BOOKS MUSIC, MOVIES CAFE"
        ],
        "fromBlank": false,
        "fromError": false,
        "to": "BORDERS BOOKS, MOVIES, MUSIC, CAFE"
      },
      {
        "from": [
          "MILANO'S PIZZA",
          "MILANOS PIZZA"
        ],
        "fromBlank": false,
        "fromError": false,
        "to": "MILANO'S PIZZA"
      },
      {
        "from": [
          "MARLONS CHICKEN & FISH",
          "MARLON'S CHICKEN & FISH"
        ],
        "fromBlank": false,
        "fromError": false,
        "to": "MARLON'S CHICKEN & FISH"
      },
      {
        "from": [
          "7-ELEVEN",
          "7_ELEVEN"
        ],
        "fromBlank": false,
        "fromError": false,
        "to": "7-ELEVEN"
      },
      {
        "from": [
          "EXPRESS GRILL INC",
          "EXPRESS GRILL INC."
        ],
        "fromBlank": false,
        "fromError": false,
        "to": "EXPRESS GRILL, INC."
      },
      {
        "from": [
          "KANELA BREAKFAST CLUB",
          "KANELA 'BREAKFAST CLUB'"
        ],
        "fromBlank": false,
        "fromError": false,
        "to": "KANELA BREAKFAST CLUB"
      },
      {
        "from": [
          "BRIDGET MCNEILL'S",
          "BRIDGET MCNEILLS"
        ],
        "fromBlank": false,
        "fromError": false,
        "to": "BRIDGET MCNEILL'S"
      },
      {
        "from": [
          "NATALINO'S",
          "NATALINOS"
        ],
        "fromBlank": false,
        "fromError": false,
        "to": "NATALINO'S"
      },
      {
        "from": [
          "CAFE SOCIETY INC",
          "CAFE SOCIETY INC."
        ],
        "fromBlank": false,
        "fromError": false,
        "to": "CAFE SOCIETY, INC."
      },
      {
        "from": [
          "EZ FOOD MART",
          "E-Z- FOOD MART"
        ],
        "fromBlank": false,
        "fromError": false,
        "to": "EZ FOOD MART"
      },
      {
        "from": [
          "WHITE CASTLE SYSTEM, INC.",
          "WHITE CASTLE SYSTEM INC"
        ],
        "fromBlank": false,
        "fromError": false,
        "to": "WHITE CASTLE SYSTEM, INC."
      },
      {
        "from": [
          "BIG & LITTLES RESTAURANT",
          "BIG & LITTLE'S RESTAURANT"
        ],
        "fromBlank": false,
        "fromError": false,
        "to": "BIG & LITTLE'S RESTAURANT"
      },
      {
        "from": [
          "NICKS PIT STOP #2",
          "NICK'S PIT STOP #2"
        ],
        "fromBlank": false,
        "fromError": false,
        "to": "NICK'S PIT STOP #2"
      },
      {
        "from": [
          "STEVE'S 77 ICE CREAM",
          "STEVES 77 ICE CREAM"
        ],
        "fromBlank": false,
        "fromError": false,
        "to": "STEVE'S 77 ICE CREAM"
      },
      {
        "from": [
          "J. J. GYROS",
          "J J GYROS"
        ],
        "fromBlank": false,
        "fromError": false,
        "to": "J. J. GYROS"
      },
      {
        "from": [
          "CHEESIES PUB & GRUB",
          "CHEESIE'S PUB & GRUB"
        ],
        "fromBlank": false,
        "fromError": false,
        "to": "CHEESIE'S PUB & GRUB"
      },
      {
        "from": [
          "CARLITOS WAY PIZZA",
          "CARLITO'S WAY PIZZA"
        ],
        "fromBlank": false,
        "fromError": false,
        "to": "CARLITO'S WAY PIZZA"
      },
      {
        "from": [
          "CHUCKIE'S",
          "CHUCKIES"
        ],
        "fromBlank": false,
        "fromError": false,
        "to": "CHUCKIE'S"
      },
      {
        "from": [
          "ISLA'S MARIAS",
          "ISLAS MARIAS"
        ],
        "fromBlank": false,
        "fromError": false,
        "to": "ISLAS MARIAS"
      },
      {
        "from": [
          "MC DONALD'S",
          "MC DONALDS"
        ],
        "fromBlank": false,
        "fromError": false,
        "to": "MCDONALD'S"
      },
      {
        "from": [
          "MUNCHIES FOOD MART, INC",
          "MUNCHIES FOOD MART, INC."
        ],
        "fromBlank": false,
        "fromError": false,
        "to": "MUNCHIES FOOD MART, INC."
      },
      {
        "from": [
          "MCDONALD'S RESTAURANT",
          "MCDONALDS RESTAURANT"
        ],
        "fromBlank": false,
        "fromError": false,
        "to": "MCDONALD'S RESTAURANT"
      },
      {
        "from": [
          "WENDY'S OLD FASHIONED HAMBURGERS",
          "WENDYS OLD FASHIONED HAMBURGERS"
        ],
        "fromBlank": false,
        "fromError": false,
        "to": "WENDY'S OLD FASHIONED HAMBURGERS"
      },
      {
        "from": [
          "ELENIS CAFE",
          "ELENI'S CAFE"
        ],
        "fromBlank": false,
        "fromError": false,
        "to": "ELENI'S CAFE"
      },
      {
        "from": [
          "CAKE BROS BAKERY",
          "CAKE BROS. BAKERY"
        ],
        "fromBlank": false,
        "fromError": false,
        "to": "CAKE BROS. BAKERY"
      },
      {
        "from": [
          "BROWN'S CHICKEN & PASTA",
          "BROWNS CHICKEN & PASTA"
        ],
        "fromBlank": false,
        "fromError": false,
        "to": "BROWN'S CHICKEN & PASTA"
      },
      {
        "from": [
          "QUIZNOS",
          "QUIZNO'S"
        ],
        "fromBlank": false,
        "fromError": false,
        "to": "QUIZNOS"
      },
      {
        "from": [
          "STARBUCKS",
          "STARBUCK'S"
        ],
        "fromBlank": false,
        "fromError": false,
        "to": "STARBUCKS"
      },
      {
        "from": [
          "L' PATRON",
          "L PATRON"
        ],
        "fromBlank": false,
        "fromError": false,
        "to": "L'PATRON"
      },
      {
        "from": [
          "BOJONO'S PIZZERIA",
          "BOJONOS PIZZERIA"
        ],
        "fromBlank": false,
        "fromError": false,
        "to": "BOJONO'S PIZZERIA"
      },
      {
        "from": [
          "AMISH & HEALTHY FOODS",
          "AMISH HEALTHY FOODS"
        ],
        "fromBlank": false,
        "fromError": false,
        "to": "AMISH & HEALTHY FOODS"
      },
      {
        "from": [
          "RACINE BAKERY INC",
          "RACINE BAKERY, INC."
        ],
        "fromBlank": false,
        "fromError": false,
        "to": "RACINE BAKERY, INC."
      },
      {
        "from": [
          "TRIPLE A SERVICES, INC.",
          "TRIPLE A SERVICES, INC"
        ],
        "fromBlank": false,
        "fromError": false,
        "to": "TRIPLE A SERVICES, INC."
      },
      {
        "from": [
          "NICKS GYRO'S II",
          "NICK'S GYROS II"
        ],
        "fromBlank": false,
        "fromError": false,
        "to": "NICK'S GYROS II"
      },
      {
        "from": [
          "JIMMY JOHN'S",
          "JIMMY JOHNS"
        ],
        "fromBlank": false,
        "fromError": false,
        "to": "JIMMY JOHN'S"
      },
      {
        "from": [
          "MARYS FOOD AND GROCERY STORE",
          "MARY'S FOOD AND GROCERY STORE"
        ],
        "fromBlank": false,
        "fromError": false,
        "to": "MARY'S FOOD AND GROCERY STORE"
      },
      {
        "from": [
          "OLIVIA'S SEA OF SOUL",
          "OLIVIAS SEA OF SOUL"
        ],
        "fromBlank": false,
        "fromError": false,
        "to": "OLIVIA'S SEA OF SOUL"
      },
      {
        "from": [
          "A & B TOBACCO INC.",
          "A & B TOBACCO, INC"
        ],
        "fromBlank": false,
        "fromError": false,
        "to": "A & B TOBACCO, INC."
      },
      {
        "from": [
          "MUSKIES",
          "MUSKIE'S"
        ],
        "fromBlank": false,
        "fromError": false,
        "to": "MUSKIE'S"
      },
      {
        "from": [
          "WENDY'S PROPERTIES LLC",
          "WENDY'S PROPERTIES, LLC"
        ],
        "fromBlank": false,
        "fromError": false,
        "to": "WENDY'S PROPERTIES, LLC"
      },
      {
        "from": [
          "PEET'S COFFEE & TEA",
          "PEETS COFFEE & TEA"
        ],
        "fromBlank": false,
        "fromError": false,
        "to": "PEET'S COFFEE & TEA"
      },
      {
        "from": [
          "DUNKIN DONUTS",
          "DUNKIN' DONUTS"
        ],
        "fromBlank": false,
        "fromError": false,
        "to": "DUNKIN DONUTS"
      },
      {
        "from": [
          "B PATEL INC",
          "B PATEL, INC."
        ],
        "fromBlank": false,
        "fromError": false,
        "to": "B PATEL, INC."
      },
      {
        "from": [
          "63RD FOOD MART, INC",
          "63RD FOOD MART, INC."
        ],
        "fromBlank": false,
        "fromError": false,
        "to": "63RD FOOD MART, INC."
      },
      {
        "from": [
          "GIORDANO'S PIZZA",
          "GIORDANOS PIZZA"
        ],
        "fromBlank": false,
        "fromError": false,
        "to": "GIORDANO'S PIZZA"
      },
      {
        "from": [
          "DONA MARIS",
          "DONA MARI'S"
        ],
        "fromBlank": false,
        "fromError": false,
        "to": "DONA MARI'S"
      },
      {
        "from": [
          "RHUBARB'S",
          "RHUBARBS"
        ],
        "fromBlank": false,
        "fromError": false,
        "to": "RHUBARB'S"
      },
      {
        "from": [
          "CATER-BIZ CHICAGO",
          "CATERBIZ CHICAGO"
        ],
        "fromBlank": false,
        "fromError": false,
        "to": "CATER-BIZ CHICAGO"
      },
      {
        "from": [
          "BROWN'S CHICKEN",
          "BROWNS CHICKEN"
        ],
        "fromBlank": false,
        "fromError": false,
        "to": "BROWN'S CHICKEN"
      },
      {
        "from": [
          "K &G FOOD MART",
          "K & G FOOD MART"
        ],
        "fromBlank": false,
        "fromError": false,
        "to": "K & G FOOD MART"
      },
      {
        "from": [
          "BUY -N- SAVE",
          "BUY 'N SAVE"
        ],
        "fromBlank": false,
        "fromError": false,
        "to": "BUY -N- SAVE"
      },
      {
        "from": [
          "DUNKIN DONUTS/BASKIN-ROBBINS",
          "DUNKIN DONUTS/BASKINROBBINS"
        ],
        "fromBlank": false,
        "fromError": false,
        "to": "DUNKIN DONUTS / BASKIN-ROBBINS"
      },
      {
        "from": [
          "TAQUERIA SAN JUANITO INC.",
          "TAQUERIA SAN JUANITO, INC."
        ],
        "fromBlank": false,
        "fromError": false,
        "to": "TAQUERIA SAN JUANITO, INC."
      },
      {
        "from": [
          "POPEYES FRIED CHICKEN",
          "POPEYE'S FRIED CHICKEN"
        ],
        "fromBlank": false,
        "fromError": false,
        "to": "POPEYE'S FRIED CHICKEN"
      },
      {
        "from": [
          "EMPLOYEES CAFETERIA",
          "EMPLOYEE'S CAFETERIA"
        ],
        "fromBlank": false,
        "fromError": false,
        "to": "EMPLOYEES CAFETERIA"
      },
      {
        "from": [
          "ADAMS FOOD MART",
          "ADAM'S FOOD MART"
        ],
        "fromBlank": false,
        "fromError": false,
        "to": "ADAMS FOOD MART"
      },
      {
        "from": [
          "CELESTIAL KITCHENS INC",
          "CELESTIAL KITCHENS INC."
        ],
        "fromBlank": false,
        "fromError": false,
        "to": "CELESTIAL KITCHENS, INC."
      },
      {
        "from": [
          "A PIECE OF CAKE BAKERY, INC.",
          "A PIECE OF CAKE BAKERY INC."
        ],
        "fromBlank": false,
        "fromError": false,
        "to": "A PIECE OF CAKE BAKERY, INC."
      },
      {
        "from": [
          "CHOLIES PIZZERIA",
          "CHOLIE'S PIZZERIA"
        ],
        "fromBlank": false,
        "fromError": false,
        "to": "CHOLIE'S PIZZERIA"
      },
      {
        "from": [
          "GELATINA'S CRIS",
          "GELATINAS CRIS"
        ],
        "fromBlank": false,
        "fromError": false,
        "to": "GELATINA'S CRIS"
      },
      {
        "from": [
          "COPPERFIELDS MARKET",
          "COPPERFIELD'S MARKET"
        ],
        "fromBlank": false,
        "fromError": false,
        "to": "COPPERFIELDS MARKET"
      },
      {
        "from": [
          "AL NOOR MEAT & GROCERY",
          "AL NOOR MEAT &GROCERY"
        ],
        "fromBlank": false,
        "fromError": false,
        "to": "AL NOOR MEAT & GROCERY"
      },
      {
        "from": [
          "HOMAN SQUARE CAF'E",
          "HOMAN SQUARE CAFE"
        ],
        "fromBlank": false,
        "fromError": false,
        "to": "HOMAN SQUARE CAFE"
      },
      {
        "from": [
          "FIREHOUSE CAPTAIN HOOKS",
          "FIREHOUSE / CAPTAIN HOOKS"
        ],
        "fromBlank": false,
        "fromError": false,
        "to": "FIREHOUSE / CAPTAIN HOOKS"
      },
      {
        "from": [
          "STANS DONUTS",
          "STAN'S DONUTS"
        ],
        "fromBlank": false,
        "fromError": false,
        "to": "STAN'S DONUTS"
      },
      {
        "from": [
          "RAINFOREST LEARNING CENTER, INC.",
          "RAINFOREST LEARNING CENTER, INC"
        ],
        "fromBlank": false,
        "fromError": false,
        "to": "RAINFOREST LEARNING CENTER, INC."
      },
      {
        "from": [
          "AMIGOS DISCOUNT STORE",
          "AMIGO'S DISCOUNT STORE"
        ],
        "fromBlank": false,
        "fromError": false,
        "to": "AMIGOS DISCOUNT STORE"
      },
      {
        "from": [
          "CHICAGO'S GRILL FISH, CHICKEN",
          "CHICAGO'S GRILL FISH & CHICKEN"
        ],
        "fromBlank": false,
        "fromError": false,
        "to": "CHICAGO'S GRILL FISH & CHICKEN"
      },
      {
        "from": [
          "LAKESHORE SPORT &FITNESS",
          "LAKESHORE SPORT & FITNESS"
        ],
        "fromBlank": false,
        "fromError": false,
        "to": "LAKESHORE SPORT & FITNESS"
      },
      {
        "from": [
          "WALGREENS",
          "WALGREEN'S"
        ],
        "fromBlank": false,
        "fromError": false,
        "to": "WALGREENS"
      },
      {
        "from": [
          "ARTISTS CAFE",
          "ARTIST'S CAFE"
        ],
        "fromBlank": false,
        "fromError": false,
        "to": "ARTIST'S CAFE"
      },
      {
        "from": [
          "OBEROIS INDIAN FOOD & GROCERY INC.",
          "OBEROIS INDIAN FOOD & GROCERY INC"
        ],
        "fromBlank": false,
        "fromError": false,
        "to": "OBEROIS INDIAN FOOD & GROCERY, INC."
      },
      {
        "from": [
          "EDIBLE ARRANGEMENTS",
          "EDIBLE - ARRANGEMENTS"
        ],
        "fromBlank": false,
        "fromError": false,
        "to": "EDIBLE ARRANGEMENTS"
      },
      {
        "from": [
          "QUIZNOS SUBS",
          "QUIZNO'S SUBS"
        ],
        "fromBlank": false,
        "fromError": false,
        "to": "QUIZNOS SUBS"
      },
      {
        "from": [
          "THUNDERBIRD CATERING CO",
          "THUNDERBIRD CATERING CO."
        ],
        "fromBlank": false,
        "fromError": false,
        "to": "THUNDERBIRD CATERING CO."
      },
      {
        "from": [
          "LITTLE CAESARS",
          "LITTLE CAESAR'S"
        ],
        "fromBlank": false,
        "fromError": false,
        "to": "LITTLE CAESAR'S"
      },
      {
        "from": [
          "RAYMOND'S TACOS # 1",
          "RAYMONDS TACOS #1"
        ],
        "fromBlank": false,
        "fromError": false,
        "to": "RAYMOND'S TACOS #1"
      },
      {
        "from": [
          "SOUTH EAST ASIA CENTER",
          "SOUTH - EAST ASIA CENTER"
        ],
        "fromBlank": false,
        "fromError": false,
        "to": "SOUTH EAST ASIA CENTER"
      },
      {
        "from": [
          "KREATIVE KIDZ LEARNING ACADEMY INC.",
          "KREATIVE KIDZ LEARNING ACADEMY INC"
        ],
        "fromBlank": false,
        "fromError": false,
        "to": "KREATIVE KIDZ LEARNING ACADEMY, INC."
      },
      {
        "from": [
          "CANTINA #46",
          "CANTINA 46"
        ],
        "fromBlank": false,
        "fromError": false,
        "to": "CANTINA #46"
      },
      {
        "from": [
          "SUMMA CUM LAUDE INC.",
          "SUMMA CUM LAUDE INC"
        ],
        "fromBlank": false,
        "fromError": false,
        "to": "SUMMA CUM LAUDE, INC."
      },
      {
        "from": [
          "IGNITE NETWORK, INC.",
          "IGNITE NETWORK INC"
        ],
        "fromBlank": false,
        "fromError": false,
        "to": "IGNITE NETWORK, INC."
      },
      {
        "from": [
          "SCHUBAS TAVERN/HARMONY GRILL",
          "SCHUBA'S TAVERN/HARMONY GRILL"
        ],
        "fromBlank": false,
        "fromError": false,
        "to": "SCHUBA'S TAVERN/HARMONY GRILL"
      },
      {
        "from": [
          "JEWEL / OSCO",
          "JEWEL OSCO"
        ],
        "fromBlank": false,
        "fromError": false,
        "to": "JEWEL / OSCO"
      },
      {
        "from": [
          "SWEET MISS GIVING'S",
          "SWEET MISS GIVINGS"
        ],
        "fromBlank": false,
        "fromError": false,
        "to": "SWEET MISS GIVING'S"
      },
      {
        "from": [
          "DUNKIN DONUTS / BASKIN ROBBINS",
          "DUNKIN DONUTS / BASKIN ROBBINS"
        ],
        "fromBlank": false,
        "fromError": false,
        "to": "DUNKIN DONUTS / BASKIN ROBBINS"
      },
      {
        "from": [
          "JERSEY MIKE'S",
          "JERSEY MIKES"
        ],
        "fromBlank": false,
        "fromError": false,
        "to": "JERSEY MIKE'S"
      },
      {
        "from": [
          "EURO CAFE'",
          "EURO CAFE"
        ],
        "fromBlank": false,
        "fromError": false,
        "to": "EURO CAFE"
      },
      {
        "from": [
          "CHRISTOPHER HOUSE",
          "CHRISTOPHER HOUSE-"
        ],
        "fromBlank": false,
        "fromError": false,
        "to": "CHRISTOPHER HOUSE"
      },
      {
        "from": [
          "AMANDA'S GROCERY & FAST FOOD",
          "AMANDA'S FAST FOOD & GROCERY"
        ],
        "fromBlank": false,
        "fromError": false,
        "to": "AMANDA'S GROCERY & FAST FOOD"
      },
      {
        "from": [
          "LA BOULANGERIE",
          "LA- BOULANGERIE"
        ],
        "fromBlank": false,
        "fromError": false,
        "to": "LA BOULANGERIE"
      },
      {
        "from": [
          "KING'S KIDDIE KINGDOM",
          "KINGS KIDDIE KINGDOM"
        ],
        "fromBlank": false,
        "fromError": false,
        "to": "KING'S KIDDIE KINGDOM"
      },
      {
        "from": [
          "MR. BROWNS LOUNGE",
          "MR. BROWN'S LOUNGE"
        ],
        "fromBlank": false,
        "fromError": false,
        "to": "MR. BROWN'S LOUNGE"
      },
      {
        "from": [
          "VINIS PIZZA",
          "VINI'S PIZZA"
        ],
        "fromBlank": false,
        "fromError": false,
        "to": "VINI'S PIZZA"
      },
      {
        "from": [
          "CAFE VERSACE",
          "CAFE VERSACE-"
        ],
        "fromBlank": false,
        "fromError": false,
        "to": "CAFE VERSACE"
      },
      {
        "from": [
          "75TH & STATE SHELL",
          "75TH STATE SHELL"
        ],
        "fromBlank": false,
        "fromError": false,
        "to": "75TH & STATE SHELL"
      },
      {
        "from": [
          "HAROLD'S CHICKEN # 71",
          "HAROLD'S CHICKEN #71"
        ],
        "fromBlank": false,
        "fromError": false,
        "to": "HAROLD'S CHICKEN #71"
      },
      {
        "from": [
          "PAPA JOHN'S",
          "PAPA JOHNS"
        ],
        "fromBlank": false,
        "fromError": false,
        "to": "PAPA JOHN'S"
      },
      {
        "from": [
          "CHOLIES PIZZA",
          "CHOLIE'S PIZZA"
        ],
        "fromBlank": false,
        "fromError": false,
        "to": "CHOLIE'S PIZZA"
      },
      {
        "from": [
          "BAKE FOR ME",
          "BAKE FOR ME!"
        ],
        "fromBlank": false,
        "fromError": false,
        "to": "BAKE FOR ME!"
      },
      {
        "from": [
          "J & J FISH",
          "J J FISH"
        ],
        "fromBlank": false,
        "fromError": false,
        "to": "J & J FISH"
      },
      {
        "from": [
          "NICK'S PIT STOP",
          "NICKS PIT STOP"
        ],
        "fromBlank": false,
        "fromError": false,
        "to": "NICK'S PIT STOP"
      },
      {
        "from": [
          "PACOS TACOS",
          "PACO'S TACOS"
        ],
        "fromBlank": false,
        "fromError": false,
        "to": "PACO'S TACOS"
      },
      {
        "from": [
          "83RD & STATE SHELL",
          "83RD STATE SHELL"
        ],
        "fromBlank": false,
        "fromError": false,
        "to": "83RD & STATE SHELL"
      },
      {
        "from": [
          "MARGIES CANDIES",
          "MARGIE'S CANDIES"
        ],
        "fromBlank": false,
        "fromError": false,
        "to": "MARGIE'S CANDIES"
      },
      {
        "from": [
          "UNCLE JOE'S",
          "UNCLE JOES"
        ],
        "fromBlank": false,
        "fromError": false,
        "to": "UNCLE JOE'S"
      },
      {
        "from": [
          "MR. SUBMARINE",
          "MR SUBMARINE"
        ],
        "fromBlank": false,
        "fromError": false,
        "to": "MR. SUBMARINE"
      },
      {
        "from": [
          "L.D. PHO",
          "LD PHO"
        ],
        "fromBlank": false,
        "fromError": false,
        "to": "L.D. PHO"
      },
      {
        "from": [
          "ADA S MCKINLEY HIGHLAND CAMPUS",
          "ADA S. MCKINLEY HIGHLAND CAMPUS"
        ],
        "fromBlank": false,
        "fromError": false,
        "to": "ADA S MCKINLEY HIGHLAND CAMPUS"
      },
      {
        "from": [
          "REAL GOOD JUICE CO.",
          "REAL GOOD JUICE CO"
        ],
        "fromBlank": false,
        "fromError": false,
        "to": "REAL GOOD JUICE CO."
      },
      {
        "from": [
          "FAMILY DOLLAR, INC.",
          "FAMILY DOLLAR INC."
        ],
        "fromBlank": false,
        "fromError": false,
        "to": "FAMILY DOLLAR, INC."
      },
      {
        "from": [
          "CHICKIES",
          "CHICKIE'S"
        ],
        "fromBlank": false,
        "fromError": false,
        "to": "CHICKIE'S"
      },
      {
        "from": [
          "DAIRY QUEEN ORANGE JULIUS",
          "DAIRY QUEEN/ ORANGE JULIUS"
        ],
        "fromBlank": false,
        "fromError": false,
        "to": "DAIRY QUEEN ORANGE JULIUS"
      },
      {
        "from": [
          "JANSON'S DRIVE IN",
          "JANSON;S DRIVE IN"
        ],
        "fromBlank": false,
        "fromError": false,
        "to": "JANSON'S DRIVE IN"
      },
      {
        "from": [
          "ZEE'S SUPERMARKET PLUS",
          "ZEES SUPERMARKET PLUS"
        ],
        "fromBlank": false,
        "fromError": false,
        "to": "ZEE'S SUPERMARKET PLUS"
      },
      {
        "from": [
          "DUNKIN DONUTS / BASKIN ROBINS",
          "DUNKIN DONUTS & BASKIN ROBINS"
        ],
        "fromBlank": false,
        "fromError": false,
        "to": "DUNKIN DONUTS / BASKIN ROBBINS"
      },
      {
        "from": [
          "CHICAGO CHEESE STEAK CO",
          "CHICAGO CHEESE STEAK CO."
        ],
        "fromBlank": false,
        "fromError": false,
        "to": "CHICAGO CHEESE STEAK CO."
      },
      {
        "from": [
          "ROCKY'S TACOS",
          "ROCKYS TACOS"
        ],
        "fromBlank": false,
        "fromError": false,
        "to": "ROCKY'S TACOS"
      },
      {
        "from": [
          "MILLERS PUB",
          "MILLER'S PUB"
        ],
        "fromBlank": false,
        "fromError": false,
        "to": "MILLER'S PUB"
      },
      {
        "from": [
          "THE ORIGINAL MAXWELL ST.",
          "THE ORIGINAL MAXWELL ST"
        ],
        "fromBlank": false,
        "fromError": false,
        "to": "THE ORIGINAL MAXWELL ST"
      },
      {
        "from": [
          "TORTORICE'S PIZZA",
          "TORTORICES PIZZA"
        ],
        "fromBlank": false,
        "fromError": false,
        "to": "TORTORICE'S PIZZA"
      },
      {
        "from": [
          "SODEXO AMERICA, LLC",
          "SODEXO AMERICA, LLC."
        ],
        "fromBlank": false,
        "fromError": false,
        "to": "SODEXO AMERICA, LLC"
      },
      {
        "from": [
          "DOLLOP COFFEE CO",
          "DOLLOP COFFEE CO."
        ],
        "fromBlank": false,
        "fromError": false,
        "to": "DOLLOP COFFEE CO."
      },
      {
        "from": [
          "NIKO'S PRODUCE",
          "NIKOS PRODUCE"
        ],
        "fromBlank": false,
        "fromError": false,
        "to": "NIKO'S PRODUCE"
      },
      {
        "from": [
          "LEONAS",
          "LEONA'S"
        ],
        "fromBlank": false,
        "fromError": false,
        "to": "LEONA'S"
      },
      {
        "from": [
          "JJ PEPPERS FOOD STORE",
          "J.J. PEPPERS FOOD STORE"
        ],
        "fromBlank": false,
        "fromError": false,
        "to": "JJ PEPPERS FOOD STORE"
      },
      {
        "from": [
          "DUKES",
          "DUKE'S"
        ],
        "fromBlank": false,
        "fromError": false,
        "to": "DUKE'S"
      },
      {
        "from": [
          "FISHERMAN'S ISLAND",
          "FISHERMANS ISLAND"
        ],
        "fromBlank": false,
        "fromError": false,
        "to": "FISHERMAN'S ISLAND"
      },
      {
        "from": [
          "STARBUCKS COFFEE # 2624",
          "STARBUCKS COFFEE #2624"
        ],
        "fromBlank": false,
        "fromError": false,
        "to": "STARBUCKS COFFEE #2624"
      },
      {
        "from": [
          "ROSATI'S PIZZA",
          "ROSATIS PIZZA"
        ],
        "fromBlank": false,
        "fromError": false,
        "to": "ROSATI'S PIZZA"
      },
      {
        "from": [
          "DIPPIN DOTS",
          "DIPPIN' DOTS"
        ],
        "fromBlank": false,
        "fromError": false,
        "to": "DIPPIN DOTS"
      },
      {
        "from": [
          "MISKA'S",
          "MISKAS"
        ],
        "fromBlank": false,
        "fromError": false,
        "to": "MISKA'S"
      },
      {
        "from": [
          "POPEYES FAMOUS FRIED CHICKEN",
          "POPEYE'S FAMOUS FRIED CHICKEN"
        ],
        "fromBlank": false,
        "fromError": false,
        "to": "POPEYE'S FAMOUS FRIED CHICKEN"
      },
      {
        "from": [
          "BROWN BAG SEAFOOD CO",
          "BROWN BAG SEAFOOD CO."
        ],
        "fromBlank": false,
        "fromError": false,
        "to": "BROWN BAG SEAFOOD CO."
      },
      {
        "from": [
          "CHILDREN'S LEARNING PLACE",
          "CHILDRENS LEARNING PLACE"
        ],
        "fromBlank": false,
        "fromError": false,
        "to": "CHILDREN'S LEARNING PLACE"
      },
      {
        "from": [
          "JJ FISH & CHICKEN",
          "J&J FISH & CHICKEN"
        ],
        "fromBlank": false,
        "fromError": false,
        "to": "J & J FISH & CHICKEN"
      },
      {
        "from": [
          "JIMMY JOHNS SANDWICH SHOP",
          "JIMMY JOHN'S SANDWICH SHOP"
        ],
        "fromBlank": false,
        "fromError": false,
        "to": "JIMMY JOHN'S SANDWICH SHOP"
      },
      {
        "from": [
          "SUNNY EAST VILLAGE DAY CARE & PRESCHOOL, INC.",
          "SUNNY EAST VILLAGE DAY CARE & PRESCHOOL, INC"
        ],
        "fromBlank": false,
        "fromError": false,
        "to": "SUNNY EAST VILLAGE DAY CARE & PRESCHOOL, INC."
      }
    ],
    "description": "Mass edit cells in column AKA Name"
  },
  {
    "op": "core/mass-edit",
    "engineConfig": {
      "facets": [],
      "mode": "row-based"
    },
    "columnName": "AKA Name",
    "expression": "value",
    "edits": [
      {
        "from": [
          "J & J FISH & CHICKEN",
          "J & J FISH & CHICKEN"
        ],
        "fromBlank": false,
        "fromError": false,
        "to": "J & J FISH & CHICKEN"
      },
      {
        "from": [
          "DUNKIN DONUTS / BASKIN ROBBINS",
          "DUNKIN DONUTS / BASKIN ROBBINS"
        ],
        "fromBlank": false,
        "fromError": false,
        "to": "DUNKIN DONUTS / BASKIN ROBBINS"
      }
    ],
    "description": "Mass edit cells in column AKA Name"
  },
  {
    "op": "core/mass-edit",
    "engineConfig": {
      "facets": [],
      "mode": "row-based"
    },
    "columnName": "AKA Name",
    "expression": "value",
    "edits": [
      {
        "from": [
          "MCDONALD'S RESTAURANT",
          "MC DONALDS RESTAURANT",
          "MCDONALD' S RESTAURANT"
        ],
        "fromBlank": false,
        "fromError": false,
        "to": "MCDONALD'S RESTAURANT"
      },
      {
        "from": [
          "PALETERIA LA MICHOACANA 1, INC.",
          "PALETERIA MICHOACANA LA #1,INC"
        ],
        "fromBlank": false,
        "fromError": false,
        "to": "PALETERIA MICHOACANA LA #1,INC."
      },
      {
        "from": [
          "MR. POLLO",
          "MR.POLLO"
        ],
        "fromBlank": false,
        "fromError": false,
        "to": "MR.POLLO"
      },
      {
        "from": [
          "CHAVA PRODUCE INC",
          "CHAVA PRODUCE,INC."
        ],
        "fromBlank": false,
        "fromError": false,
        "to": "CHAVA PRODUCE, INC."
      },
      {
        "from": [
          "LASALLE LANGUAGE ACADEMY",
          "LA SALLE LANGUAGE ACADEMY"
        ],
        "fromBlank": false,
        "fromError": false,
        "to": "LASALLE LANGUAGE ACADEMY"
      },
      {
        "from": [
          "UNITED CLUB (T1 B6)",
          "UNITED CLUB (T1-B6)"
        ],
        "fromBlank": false,
        "fromError": false,
        "to": "UNITED CLUB (T1 B6)"
      },
      {
        "from": [
          "WONDERLAND DAY CARE",
          "WONDERLAND DAYCARE"
        ],
        "fromBlank": false,
        "fromError": false,
        "to": "WONDERLAND DAY CARE"
      },
      {
        "from": [
          "K BUENA",
          "K-BUENA"
        ],
        "fromBlank": false,
        "fromError": false,
        "to": "K BUENA"
      },
      {
        "from": [
          "SAVE-A-LOT",
          "SAVE A LOT"
        ],
        "fromBlank": false,
        "fromError": false,
        "to": "SAVE-A-LOT"
      },
      {
        "from": [
          "BUY LOW LIQUORS",
          "BUY-LOW LIQUORS"
        ],
        "fromBlank": false,
        "fromError": false,
        "to": "BUY LOW LIQUORS"
      },
      {
        "from": [
          "WENDY' S OLD FASHIONED HAMBURGERS OF NEW YORK INC",
          "WENDY'S OLD FASHIONED HAMBURGERS OF NEW YORK INC."
        ],
        "fromBlank": false,
        "fromError": false,
        "to": "WENDY' S OLD FASHIONED HAMBURGERS OF NEW YORK, INC."
      },
      {
        "from": [
          "FARM SUPER MARKET",
          "FARM SUPERMARKET"
        ],
        "fromBlank": false,
        "fromError": false,
        "to": "FARM SUPER MARKET"
      },
      {
        "from": [
          "JOHNNY O 'HAGAN'S",
          "JOHNNY O'HAGAN'S"
        ],
        "fromBlank": false,
        "fromError": false,
        "to": "JOHNNY O'HAGAN'S"
      },
      {
        "from": [
          "DENDEN RESTAURANT",
          "DEN DEN RESTAURANT"
        ],
        "fromBlank": false,
        "fromError": false,
        "to": "DENDEN RESTAURANT"
      },
      {
        "from": [
          "THE FOUR SEASONS HOTEL CHICAGO",
          "THE FOUR SEASONS HOTEL-CHICAGO"
        ],
        "fromBlank": false,
        "fromError": false,
        "to": "THE FOUR SEASONS HOTEL CHICAGO"
      },
      {
        "from": [
          "SULTAN'S MARKET",
          "SULTAN 'S MARKET"
        ],
        "fromBlank": false,
        "fromError": false,
        "to": "SULTAN'S MARKET"
      },
      {
        "from": [
          "BEST CROUTONS, LLC",
          "BEST CROUTONS,LLC"
        ],
        "fromBlank": false,
        "fromError": false,
        "to": "BEST CROUTONS, LLC."
      },
      {
        "from": [
          "LA CEBOLLITA GRILL",
          "LACEBOLLITA GRILL"
        ],
        "fromBlank": false,
        "fromError": false,
        "to": "LA CEBOLLITA GRILL"
      },
      {
        "from": [
          "BP & SUBWAY",
          "BP/SUBWAY"
        ],
        "fromBlank": false,
        "fromError": false,
        "to": "BP & SUBWAY"
      },
      {
        "from": [
          "BUCK TOWN FOOD & LIQUORS",
          "BUCKTOWN FOOD & LIQUORS"
        ],
        "fromBlank": false,
        "fromError": false,
        "to": "BUCKTOWN FOOD & LIQUORS"
      },
      {
        "from": [
          "DUNKIN DONUTS",
          "DUNKINDONUTS"
        ],
        "fromBlank": false,
        "fromError": false,
        "to": "DUNKIN DONUTS"
      },
      {
        "from": [
          "PLAY A DEL MAR, INC",
          "PLAYA DEL MAR INC"
        ],
        "fromBlank": false,
        "fromError": false,
        "to": "PLAYA DEL MAR, INC."
      },
      {
        "from": [
          "BP",
          "B P"
        ],
        "fromBlank": false,
        "fromError": false,
        "to": "BP"
      },
      {
        "from": [
          "ARAMARK EDUCATIONAL SERVICES, INC.",
          "ARAMARK EDUCATIONAL SERVICES,INC."
        ],
        "fromBlank": false,
        "fromError": false,
        "to": "ARAMARK EDUCATIONAL SERVICES, INC."
      },
      {
        "from": [
          "MCDONALD'S (T1-B11)",
          "MCDONALD'S (T1 B11)"
        ],
        "fromBlank": false,
        "fromError": false,
        "to": "MCDONALD'S (T1-B11)"
      },
      {
        "from": [
          "IMPERIAL LAMIAN",
          "IMPERIAL LA MIAN"
        ],
        "fromBlank": false,
        "fromError": false,
        "to": "IMPERIAL LAMIAN"
      },
      {
        "from": [
          "HOTEL BURNHAM / ATWOOD CAFE",
          "HOTEL BURNHAM/ATWOOD CAFE"
        ],
        "fromBlank": false,
        "fromError": false,
        "to": "HOTEL BURNHAM / ATWOOD CAFE"
      },
      {
        "from": [
          "15 / 20 LOUNGE",
          "15/20 LOUNGE"
        ],
        "fromBlank": false,
        "fromError": false,
        "to": "15 / 20 LOUNGE"
      },
      {
        "from": [
          "CORDI - MARIAN CENTER",
          "CORDI-MARIAN CENTER"
        ],
        "fromBlank": false,
        "fromError": false,
        "to": "CORDI-MARIAN CENTER"
      },
      {
        "from": [
          "R G 'S",
          "RG'S"
        ],
        "fromBlank": false,
        "fromError": false,
        "to": "RG'S"
      },
      {
        "from": [
          "EINSTEIN BROS. BAGELS",
          "EINSTEIN BROS,BAGELS"
        ],
        "fromBlank": false,
        "fromError": false,
        "to": "EINSTEIN BROS. BAGELS"
      },
      {
        "from": [
          "K & H SUPER STEAK HOAGIE",
          "K & H SUPER-STEAK-HOAGIE"
        ],
        "fromBlank": false,
        "fromError": false,
        "to": "K & H SUPER STEAK HOAGIE"
      },
      {
        "from": [
          "MAC KELLY'S",
          "MACKELLY'S"
        ],
        "fromBlank": false,
        "fromError": false,
        "to": "MACKELLY'S"
      },
      {
        "from": [
          "CHOPSTICK EXPRESS",
          "CHOP STICK EXPRESS"
        ],
        "fromBlank": false,
        "fromError": false,
        "to": "CHOPSTICK EXPRESS"
      },
      {
        "from": [
          "MCDONALD'S (T1-C10)",
          "MCDONALDS (T1 C10)"
        ],
        "fromBlank": false,
        "fromError": false,
        "to": "MCDONALD'S (T1-C10)"
      },
      {
        "from": [
          "NANDO'S PERI PERI",
          "NANDO'S PERI-PERI"
        ],
        "fromBlank": false,
        "fromError": false,
        "to": "NANDO'S PERI PERI"
      },
      {
        "from": [
          "SAM'S MINI MARKET",
          "SAMS MINI-MARKET"
        ],
        "fromBlank": false,
        "fromError": false,
        "to": "SAM'S MINI MARKET"
      },
      {
        "from": [
          "A KARRASEL CHILD CARE CENTERS",
          "AKARRASEL CHILD CARE CENTERS"
        ],
        "fromBlank": false,
        "fromError": false,
        "to": "A KARRASEL CHILD CARE CENTERS"
      },
      {
        "from": [
          "LITTLE CAESAR'S PIZZA",
          "LITTLE CAESAR 'S PIZZA"
        ],
        "fromBlank": false,
        "fromError": false,
        "to": "LITTLE CAESAR'S PIZZA"
      },
      {
        "from": [
          "SUPERMERCADO BARRERA",
          "SUPER MERCADO BARRERA"
        ],
        "fromBlank": false,
        "fromError": false,
        "to": "SUPERMERCADO BARRERA"
      },
      {
        "from": [
          "JJ PEPPERS FOOD STORE",
          "J J PEPPERS FOOD STORE"
        ],
        "fromBlank": false,
        "fromError": false,
        "to": "JJ PEPPERS FOOD STORE"
      },
      {
        "from": [
          "ONE STOP SUPERMARKET",
          "ONE STOP SUPER MARKET"
        ],
        "fromBlank": false,
        "fromError": false,
        "to": "ONE STOP SUPERMARKET"
      },
      {
        "from": [
          "AL HABIB RESTAURANT",
          "ALHABIB RESTAURANT"
        ],
        "fromBlank": false,
        "fromError": false,
        "to": "AL HABIB RESTAURANT"
      },
      {
        "from": [
          "SAINT'S ALP TEAHOUSE",
          "SAINT'S ALP TEA HOUSE"
        ],
        "fromBlank": false,
        "fromError": false,
        "to": "SAINT'S ALP TEAHOUSE"
      },
      {
        "from": [
          "WINDY CITY MINI-MARKET",
          "WINDY CITY MINI MARKET"
        ],
        "fromBlank": false,
        "fromError": false,
        "to": "WINDY CITY MINI-MARKET"
      },
      {
        "from": [
          "BULL DOG BAKERY",
          "BULLDOG BAKERY"
        ],
        "fromBlank": false,
        "fromError": false,
        "to": "BULL DOG BAKERY"
      },
      {
        "from": [
          "D' S HOUSE",
          "D'S HOUSE"
        ],
        "fromBlank": false,
        "fromError": false,
        "to": "D'S HOUSE"
      },
      {
        "from": [
          "ICE BAR (T3 L2)",
          "ICE BAR (T3/L2)"
        ],
        "fromBlank": false,
        "fromError": false,
        "to": "ICE BAR (T3 L2)"
      },
      {
        "from": [
          "CITGO FUEL & MINI MART",
          "CITGO FUEL & MINI-MART"
        ],
        "fromBlank": false,
        "fromError": false,
        "to": "CITGO FUEL & MINI MART"
      },
      {
        "from": [
          "NORTHEASTERN IL. UNIVERSITY",
          "NORTHEASTERN IL.UNIVERSITY"
        ],
        "fromBlank": false,
        "fromError": false,
        "to": "NORTHEASTERN IL. UNIVERSITY"
      },
      {
        "from": [
          "LYNN S HALLMARK",
          "LYNN'S HALLMARK"
        ],
        "fromBlank": false,
        "fromError": false,
        "to": "LYNN'S HALLMARK"
      },
      {
        "from": [
          "CCA ACADEMY",
          "C C A ACADEMY"
        ],
        "fromBlank": false,
        "fromError": false,
        "to": "CCA ACADEMY"
      },
      {
        "from": [
          "J.J. FOOD MART",
          "J & J FOOD MART"
        ],
        "fromBlank": false,
        "fromError": false,
        "to": "J.J. FOOD MART"
      },
      {
        "from": [
          "DAVIDS TEA",
          "DAVIDSTEA"
        ],
        "fromBlank": false,
        "fromError": false,
        "to": "DAVIDS TEA"
      },
      {
        "from": [
          "LAS ISLAS DE NAYARIT",
          "LAS ISLAS DENAYARIT"
        ],
        "fromBlank": false,
        "fromError": false,
        "to": "LAS ISLAS DE NAYARIT"
      },
      {
        "from": [
          "JACK' S FAMOUS WINGS",
          "JACKS FAMOUS WINGS"
        ],
        "fromBlank": false,
        "fromError": false,
        "to": "JACK'S FAMOUS WINGS"
      },
      {
        "from": [
          "NICKY'S CARRYOUT",
          "NICKY'S CARRY OUT"
        ],
        "fromBlank": false,
        "fromError": false,
        "to": "NICKY'S CARRYOUT"
      },
      {
        "from": [
          "ABC ACADEMY",
          "A B C ACADEMY"
        ],
        "fromBlank": false,
        "fromError": false,
        "to": "ABC ACADEMY"
      },
      {
        "from": [
          "LEON'S BAR-B-QUE",
          "LEON'S BAR B QUE"
        ],
        "fromBlank": false,
        "fromError": false,
        "to": "LEON'S BAR-B-QUE"
      },
      {
        "from": [
          "OLIVE-HARVEY COLLEGE",
          "OLIVE HARVEY COLLEGE"
        ],
        "fromBlank": false,
        "fromError": false,
        "to": "OLIVE-HARVEY COLLEGE"
      },
      {
        "from": [
          "NAKWON KOREAN BAKERY",
          "NAK WON KOREAN BAKERY"
        ],
        "fromBlank": false,
        "fromError": false,
        "to": "NAKWON KOREAN BAKERY"
      },
      {
        "from": [
          "SWEETGREEN",
          "SWEET GREEN"
        ],
        "fromBlank": false,
        "fromError": false,
        "to": "SWEETGREEN"
      },
      {
        "from": [
          "SHARKS FISH & CHICKEN",
          "SHARKS FISH-CHICKEN"
        ],
        "fromBlank": false,
        "fromError": false,
        "to": "SHARKS FISH & CHICKEN"
      },
      {
        "from": [
          "FANTASEA",
          "FANTA SEA"
        ],
        "fromBlank": false,
        "fromError": false,
        "to": "FANTASEA"
      },
      {
        "from": [
          "GOLO",
          "GO LO"
        ],
        "fromBlank": false,
        "fromError": false,
        "to": "GOLO"
      },
      {
        "from": [
          "KMART #3371",
          "KMART#3371"
        ],
        "fromBlank": false,
        "fromError": false,
        "to": "KMART #3371"
      },
      {
        "from": [
          "JOYFUL NOISE CHRISTIAN DAYCARE",
          "JOYFUL NOISE CHRISTIAN DAY CARE"
        ],
        "fromBlank": false,
        "fromError": false,
        "to": "JOYFUL NOISE CHRISTIAN DAY CARE"
      },
      {
        "from": [
          "T. CASTRO PRODUCE,INC.",
          "T CASTRO PRODUCE, INC."
        ],
        "fromBlank": false,
        "fromError": false,
        "to": "T. CASTRO PRODUCE, INC."
      },
      {
        "from": [
          "BURGER KING #7112",
          "BURGER KING#7112"
        ],
        "fromBlank": false,
        "fromError": false,
        "to": "BURGER KING #7112"
      },
      {
        "from": [
          "JJ FISH CHICKEN & MOMO'S STEAK",
          "JJ FISH/CHICKEN & MOMO'S STEAK"
        ],
        "fromBlank": false,
        "fromError": false,
        "to": "JJ FISH CHICKEN & MOMO'S STEAK"
      },
      {
        "from": [
          "PETE'S MEAT &GROCERY#2",
          "PETE'S MEAT & GROCERY #2"
        ],
        "fromBlank": false,
        "fromError": false,
        "to": "PETE'S MEAT & GROCERY #2"
      },
      {
        "from": [
          "LA FITNESS",
          "LA/FITNESS"
        ],
        "fromBlank": false,
        "fromError": false,
        "to": "LA FITNESS"
      },
      {
        "from": [
          "C I C S IRVING PARK",
          "CICS IRVING PARK"
        ],
        "fromBlank": false,
        "fromError": false,
        "to": "CICS IRVING PARK"
      },
      {
        "from": [
          "CITGO/ONE STOP",
          "CITGO / ONE STOP"
        ],
        "fromBlank": false,
        "fromError": false,
        "to": "CITGO / ONE STOP"
      },
      {
        "from": [
          "UNITED CLUB (T1 C16)",
          "UNITED CLUB (T1-C16)"
        ],
        "fromBlank": false,
        "fromError": false,
        "to": "UNITED CLUB (T1-C16)"
      },
      {
        "from": [
          "CITY GARDEN EARLY CHILDHOOD CENTER, INC.",
          "CITY GARDEN EARLY CHILDHOOD CENTER,INC."
        ],
        "fromBlank": false,
        "fromError": false,
        "to": "CITY GARDEN EARLY CHILDHOOD CENTER, INC."
      },
      {
        "from": [
          "ANGIE'S FAMOUS SUB",
          "ANGIES-FAMOUS-SUB"
        ],
        "fromBlank": false,
        "fromError": false,
        "to": "ANGIE'S FAMOUS SUB"
      },
      {
        "from": [
          "HOUSE OF HUNAN",
          "HOUSE OF HU NAN"
        ],
        "fromBlank": false,
        "fromError": false,
        "to": "HOUSE OF HUNAN"
      },
      {
        "from": [
          "MCDONALD'S (T3- L4)",
          "MC DONALD'S (T3 L4)"
        ],
        "fromBlank": false,
        "fromError": false,
        "to": "MCDONALD'S (T3- L4)"
      },
      {
        "from": [
          "ROSEMORE SNACK SHOP",
          "ROSE MORE SNACK SHOP"
        ],
        "fromBlank": false,
        "fromError": false,
        "to": "ROSEMORE SNACK SHOP"
      },
      {
        "from": [
          "DOT COM",
          "DOT.COM"
        ],
        "fromBlank": false,
        "fromError": false,
        "to": "DOT.COM"
      },
      {
        "from": [
          "MCDONALD'S (T5/ARRIVAL)",
          "MCDONALD'S (T5 ARRIVAL)"
        ],
        "fromBlank": false,
        "fromError": false,
        "to": "MCDONALD'S (T5/ARRIVAL)"
      },
      {
        "from": [
          "OAK DALE FOOD MART",
          "OAKDALE FOOD MART"
        ],
        "fromBlank": false,
        "fromError": false,
        "to": "OAK DALE FOOD MART"
      },
      {
        "from": [
          "VICEROY OF INDIA/SAGAR",
          "VICEROY OF INDIA/ SAGAR"
        ],
        "fromBlank": false,
        "fromError": false,
        "to": "VICEROY OF INDIA / SAGAR"
      },
      {
        "from": [
          "LONDON HOUSE HOTEL",
          "LONDONHOUSE HOTEL"
        ],
        "fromBlank": false,
        "fromError": false,
        "to": "LONDON HOUSE HOTEL"
      },
      {
        "from": [
          "LA CABANA",
          "LACABANA"
        ],
        "fromBlank": false,
        "fromError": false,
        "to": "LA CABANA"
      },
      {
        "from": [
          "M J'S BAR B Q",
          "MJ'S BARBQ"
        ],
        "fromBlank": false,
        "fromError": false,
        "to": "MJ'S BARBQ"
      },
      {
        "from": [
          "NEW YORK DELI",
          "NEWYORK DELI"
        ],
        "fromBlank": false,
        "fromError": false,
        "to": "NEW YORK DELI"
      },
      {
        "from": [
          "A. P. DELI & GRILL VIII",
          "A.P. DELI & GRILL VIII"
        ],
        "fromBlank": false,
        "fromError": false,
        "to": "A.P. DELI & GRILL VIII"
      },
      {
        "from": [
          "BRGRBELLY",
          "BRGR BELLY"
        ],
        "fromBlank": false,
        "fromError": false,
        "to": "BRGRBELLY"
      },
      {
        "from": [
          "NOON O KABAB",
          "NOONOKABAB"
        ],
        "fromBlank": false,
        "fromError": false,
        "to": "NOON O KABAB"
      },
      {
        "from": [
          "WEST SIDE GYROS",
          "WESTSIDE GYROS"
        ],
        "fromBlank": false,
        "fromError": false,
        "to": "WEST SIDE GYROS"
      },
      {
        "from": [
          "MR. QUILES",
          "MR.QUILES"
        ],
        "fromBlank": false,
        "fromError": false,
        "to": "MR. QUILES"
      },
      {
        "from": [
          "PEE WEES",
          "PEEWEES"
        ],
        "fromBlank": false,
        "fromError": false,
        "to": "PEE WEES"
      },
      {
        "from": [
          "JCYS MICHAEL R. LUTZ FAMILY CENTER",
          "JCYS-MICHAEL R. LUTZ FAMILY CENTER"
        ],
        "fromBlank": false,
        "fromError": false,
        "to": "JCYS MICHAEL R. LUTZ FAMILY CENTER"
      },
      {
        "from": [
          "QUIZNOS SUB",
          "QUIZNO 'S SUB"
        ],
        "fromBlank": false,
        "fromError": false,
        "to": "QUIZNOS SUB"
      },
      {
        "from": [
          "COLD STONE CREAMERY",
          "COLDSTONE CREAMERY"
        ],
        "fromBlank": false,
        "fromError": false,
        "to": "COLD STONE CREAMERY"
      },
      {
        "from": [
          "CHUCK 'E' CHEESE",
          "CHUCK 'E' CHEESE'S"
        ],
        "fromBlank": false,
        "fromError": false,
        "to": "CHUCK 'E' CHEESE"
      },
      {
        "from": [
          "PASTA D'ARTE",
          "PASTA D' ARTE"
        ],
        "fromBlank": false,
        "fromError": false,
        "to": "PASTA D'ARTE"
      },
      {
        "from": [
          "LADY BUG BOOK CAFE",
          "LADYBUG BOOK CAFE"
        ],
        "fromBlank": false,
        "fromError": false,
        "to": "LADY BUG BOOK CAFE"
      },
      {
        "from": [
          "CHECKERS DRIVE-IN RESTAURANTS, INC",
          "CHECKERS DRIVE-IN RESTAURANTS,INC."
        ],
        "fromBlank": false,
        "fromError": false,
        "to": "CHECKERS DRIVE-IN RESTAURANTS, INC."
      },
      {
        "from": [
          "GATEWAY NEWS STAND",
          "GATEWAY NEWSSTAND"
        ],
        "fromBlank": false,
        "fromError": false,
        "to": "GATEWAY NEWS STAND"
      },
      {
        "from": [
          "KIDS COUNT TOO DAYCARE",
          "KIDS COUNT TOO DAY CARE"
        ],
        "fromBlank": false,
        "fromError": false,
        "to": "KIDS COUNT TOO DAYCARE"
      },
      {
        "from": [
          "KRISPY'S SEA FOOD AND CHICKEN",
          "KRISPY'S SEAFOOD AND CHICKEN"
        ],
        "fromBlank": false,
        "fromError": false,
        "to": "KRISPY'S SEA FOOD AND CHICKEN"
      },
      {
        "from": [
          "WYNDHAM CHICAGO HOTEL",
          "WYNDHAM CHICAGO_HOTEL"
        ],
        "fromBlank": false,
        "fromError": false,
        "to": "WYNDHAM CHICAGO HOTEL"
      },
      {
        "from": [
          "PIZZA-METRO",
          "PIZZA METRO"
        ],
        "fromBlank": false,
        "fromError": false,
        "to": "PIZZA-METRO"
      },
      {
        "from": [
          "AU BON PAIN",
          "AUBON PAIN"
        ],
        "fromBlank": false,
        "fromError": false,
        "to": "AU BON PAIN"
      },
      {
        "from": [
          "JB BRANDY'S",
          "J B BRANDY'S"
        ],
        "fromBlank": false,
        "fromError": false,
        "to": "JB BRANDY'S"
      },
      {
        "from": [
          "AFC SUSHI @ JEWEL OSCO #3234",
          "AFC SUSHI@JEWEL OSCO #3234"
        ],
        "fromBlank": false,
        "fromError": false,
        "to": "AFC SUSHI @ JEWEL OSCO #3234"
      },
      {
        "from": [
          "PEET'S COFFEE & TEA",
          "PEET ' S COFFEE & TEA"
        ],
        "fromBlank": false,
        "fromError": false,
        "to": "PEET'S COFFEE & TEA"
      },
      {
        "from": [
          "HONEYBAKED HAM",
          "HONEY BAKED HAM"
        ],
        "fromBlank": false,
        "fromError": false,
        "to": "HONEYBAKED HAM"
      },
      {
        "from": [
          "DAIRY QUEEN ORANGE JULIUS",
          "DAIRY QUEEN/ORANGE JULIUS"
        ],
        "fromBlank": false,
        "fromError": false,
        "to": "DAIRY QUEEN ORANGE JULIUS"
      },
      {
        "from": [
          "BEST CHICAGO MEAT COMPANY, LLC",
          "BEST CHICAGO MEAT COMPANY,LLC."
        ],
        "fromBlank": false,
        "fromError": false,
        "to": "BEST CHICAGO MEAT COMPANY, LLC."
      },
      {
        "from": [
          "MATHER'S MORE THAN A CAFE",
          "MATHER'S-MORE THAN A CAFE"
        ],
        "fromBlank": false,
        "fromError": false,
        "to": "MATHER'S MORE THAN A CAFE"
      },
      {
        "from": [
          "CLUB EXPRESS 229",
          "CLUB EXPRESS S-229"
        ],
        "fromBlank": false,
        "fromError": false,
        "to": "CLUB EXPRESS 229"
      },
      {
        "from": [
          "JEWEL / OSCO",
          "JEWEL-OSCO"
        ],
        "fromBlank": false,
        "fromError": false,
        "to": "JEWEL / OSCO"
      },
      {
        "from": [
          "K INTERCONTINENTAL RESTAURANT(MOBILE FOOD)",
          "K INTERCONTINENTAL RESTAURANT (MOBILE FOOD)"
        ],
        "fromBlank": false,
        "fromError": false,
        "to": "K INTERCONTINENTAL RESTAURANT (MOBILE FOOD)"
      },
      {
        "from": [
          "CERMAK LIVE POULTRY,INC",
          "CERMAK LIVE POULTRY, INC."
        ],
        "fromBlank": false,
        "fromError": false,
        "to": "CERMAK LIVE POULTRY, INC."
      },
      {
        "from": [
          "EDDY' S FOOD MART",
          "EDDYS FOOD MART"
        ],
        "fromBlank": false,
        "fromError": false,
        "to": "EDDY'S FOOD MART"
      },
      {
        "from": [
          "TASTEE FREEZ",
          "TASTEE-FREEZ"
        ],
        "fromBlank": false,
        "fromError": false,
        "to": "TASTEE FREEZ"
      },
      {
        "from": [
          "SPORT SERVICE SOLDIER FIELD",
          "SPORTSERVICE SOLDIER FIELD"
        ],
        "fromBlank": false,
        "fromError": false,
        "to": "SPORTSERVICE SOLDIER FIELD"
      },
      {
        "from": [
          "THE ORIGINAL LEON'S BAR -B - QUE",
          "THE ORIGINAL LEON'S BAR -B-QUE"
        ],
        "fromBlank": false,
        "fromError": false,
        "to": "THE ORIGINAL LEON'S BAR-B-QUE"
      },
      {
        "from": [
          "DANCEN",
          "DAN CEN"
        ],
        "fromBlank": false,
        "fromError": false,
        "to": "DANCEN"
      },
      {
        "from": [
          "GREEKTOWN GYROS",
          "GREEK TOWN GYROS"
        ],
        "fromBlank": false,
        "fromError": false,
        "to": "GREEKTOWN GYROS"
      },
      {
        "from": [
          "SHELL/FOOD MART",
          "SHELL FOOD MART"
        ],
        "fromBlank": false,
        "fromError": false,
        "to": "SHELL / FOOD MART"
      },
      {
        "from": [
          "BLUE DOOR FARM STAND",
          "BLUE DOOR FARMSTAND"
        ],
        "fromBlank": false,
        "fromError": false,
        "to": "BLUE DOOR FARM STAND"
      },
      {
        "from": [
          "STANS DRIVE-IN",
          "STAN'S DRIVE IN"
        ],
        "fromBlank": false,
        "fromError": false,
        "to": "STANS DRIVE-IN"
      },
      {
        "from": [
          "BERRYMOON",
          "BERRY MOON"
        ],
        "fromBlank": false,
        "fromError": false,
        "to": "BERRYMOON"
      },
      {
        "from": [
          "NATALIE'S DRIVE IN",
          "NATALIE'S DRIVE-IN"
        ],
        "fromBlank": false,
        "fromError": false,
        "to": "NATALIE'S DRIVE IN"
      },
      {
        "from": [
          "D J SUB",
          "DJ SUB"
        ],
        "fromBlank": false,
        "fromError": false,
        "to": "DJ SUB"
      },
      {
        "from": [
          "REACH FOR THE STARS CHILDCARE ACADEMY INC.",
          "REACH FOR THE STARS CHILD CARE ACADEMY INC"
        ],
        "fromBlank": false,
        "fromError": false,
        "to": "REACH FOR THE STARS CHILD CARE ACADEMY, INC."
      },
      {
        "from": [
          "MCDONALDS#6337",
          "MCDONALD'S #6337"
        ],
        "fromBlank": false,
        "fromError": false,
        "to": "MCDONALD'S #6337"
      },
      {
        "from": [
          "GREENLINE FOOD",
          "GREEN LINE FOOD"
        ],
        "fromBlank": false,
        "fromError": false,
        "to": "GREENLINE FOOD"
      },
      {
        "from": [
          "EL CONDE S.A.",
          "EL CONDES .A."
        ],
        "fromBlank": false,
        "fromError": false,
        "to": "EL CONDE S.A."
      },
      {
        "from": [
          "HOLE IN ONE PIZZA",
          "HOLE-IN-ONE-PIZZA"
        ],
        "fromBlank": false,
        "fromError": false,
        "to": "HOLE IN ONE PIZZA"
      },
      {
        "from": [
          "MR. SUBMARINE",
          "MR.SUBMARINE"
        ],
        "fromBlank": false,
        "fromError": false,
        "to": "MR. SUBMARINE"
      },
      {
        "from": [
          "CARIBOU COFFEE CO. INC.",
          "CARIBOU COFFEE CO.INC."
        ],
        "fromBlank": false,
        "fromError": false,
        "to": "CARIBOU COFFEE CO., INC."
      },
      {
        "from": [
          "MID-CITY CARDS & GIFTS",
          "MID CITY CARDS & GIFTS"
        ],
        "fromBlank": false,
        "fromError": false,
        "to": "MID-CITY CARDS & GIFTS"
      },
      {
        "from": [
          "DUNKIN DONUTS / BASKIN ROBBINS",
          "DUNKIN DONUTS / BASKIN-ROBBINS"
        ],
        "fromBlank": false,
        "fromError": false,
        "to": "DUNKIN DONUTS / BASKIN ROBBINS"
      },
      {
        "from": [
          "WINGSTOP",
          "WING STOP"
        ],
        "fromBlank": false,
        "fromError": false,
        "to": "WINGSTOP"
      },
      {
        "from": [
          "UNITED POLARIS LOUNGE (T1 C16)",
          "UNITED POLARIS LOUNGE (T1-C16)"
        ],
        "fromBlank": false,
        "fromError": false,
        "to": "UNITED POLARIS LOUNGE (T1-C16)"
      },
      {
        "from": [
          "BOW TRUSS COFFEE ROASTERS",
          "BOWTRUSS COFFEE ROASTERS"
        ],
        "fromBlank": false,
        "fromError": false,
        "to": "BOW TRUSS COFFEE ROASTERS"
      },
      {
        "from": [
          "A P DELI",
          "AP DELI"
        ],
        "fromBlank": false,
        "fromError": false,
        "to": "A P DELI"
      },
      {
        "from": [
          "JJ BURGER",
          "J J BURGER"
        ],
        "fromBlank": false,
        "fromError": false,
        "to": "JJ BURGER"
      },
      {
        "from": [
          "J.J. PEPPERS",
          "J J PEPPERS"
        ],
        "fromBlank": false,
        "fromError": false,
        "to": "J.J. PEPPERS"
      },
      {
        "from": [
          "BIG AL'S BAR B QUE",
          "BIG AL'S BAR-B-QUE"
        ],
        "fromBlank": false,
        "fromError": false,
        "to": "BIG AL'S BAR B QUE"
      },
      {
        "from": [
          "CAFE ORIENT 33",
          "CAFE ORIENT33"
        ],
        "fromBlank": false,
        "fromError": false,
        "to": "CAFE ORIENT 33"
      },
      {
        "from": [
          "TAKOZ",
          "TA KOZ"
        ],
        "fromBlank": false,
        "fromError": false,
        "to": "TAKOZ"
      },
      {
        "from": [
          "L & L ACADEMY AND PRESCHOOL",
          "L&L ACADEMY AND PRESCHOOL"
        ],
        "fromBlank": false,
        "fromError": false,
        "to": "L & L ACADEMY AND PRESCHOOL"
      },
      {
        "from": [
          "SUPERMERCADO EL GUERO NO. 8",
          "SUPERMERCADO EL GUERO NO.8"
        ],
        "fromBlank": false,
        "fromError": false,
        "to": "SUPERMERCADO EL GUERO NO. 8"
      },
      {
        "from": [
          "SONNETS ACADEMY RIVER NORTH",
          "SONNETS ACADEMY-RIVER NORTH"
        ],
        "fromBlank": false,
        "fromError": false,
        "to": "SONNETS ACADEMY RIVER NORTH"
      },
      {
        "from": [
          "A & W / LONG JOHN SILVERS",
          "A & W/LONG JOHN SILVER'S"
        ],
        "fromBlank": false,
        "fromError": false,
        "to": "A & W / LONG JOHN SILVERS"
      },
      {
        "from": [
          "BLAZE-N-GRILL",
          "BLAZE N GRILL"
        ],
        "fromBlank": false,
        "fromError": false,
        "to": "BLAZE-N-GRILL"
      },
      {
        "from": [
          "AM/PM",
          "AM PM"
        ],
        "fromBlank": false,
        "fromError": false,
        "to": "AM/PM"
      },
      {
        "from": [
          "KINDERCARE LEARNING CENTERS",
          "KINDER CARE LEARNING CENTERS"
        ],
        "fromBlank": false,
        "fromError": false,
        "to": "KINDERCARE LEARNING CENTERS"
      },
      {
        "from": [
          "B.I. TEA",
          "B.I.TEA"
        ],
        "fromBlank": false,
        "fromError": false,
        "to": "B.I. TEA"
      },
      {
        "from": [
          "WESLEY'S PLACE",
          "WESLEY' S PLACE"
        ],
        "fromBlank": false,
        "fromError": false,
        "to": "WESLEY'S PLACE"
      }
    ],
    "description": "Mass edit cells in column AKA Name"
  }
]