[
    {
        "op": "core/text-transform",
        "engineConfig": {
            "facets": [],
            "mode": "row-based"
        },
        "columnName": "City",
        "expression": "value.trim()",
        "onError": "keep-original",
        "repeat": false,
        "repeatCount": 10,
        "description": "Text transform on cells in column City using expression value.trim()"
    },
    {
        "op": "core/text-transform",
        "engineConfig": {
            "facets": [],
            "mode": "row-based"
        },
        "columnName": "City",
        "expression": "value.replace(/\\s+/,' ')",
        "onError": "keep-original",
        "repeat": false,
        "repeatCount": 10,
        "description": "Text transform on cells in column City using expression value.replace(/\\s+/,' ')"
    },
    {
        "op": "core/text-transform",
        "engineConfig": {
            "facets": [],
            "mode": "row-based"
        },
        "columnName": "City",
        "expression": "value.toUppercase()",
        "onError": "keep-original",
        "repeat": false,
        "repeatCount": 10,
        "description": "Text transform on cells in column City using expression value.toUppercase()"
    },
    {
        "op": "core/mass-edit",
        "engineConfig": {
            "facets": [],
            "mode": "row-based"
        },
        "columnName": "City",
        "expression": "value",
        "edits": [
            {
                "from": [
                    "CHICAGO",
                    "CCHICAGO",
                    "CHCHICAGO"
                ],
                "fromBlank": false,
                "fromError": false,
                "to": "CHICAGO"
            },
            {
                "from": [
                    "CHICAGO",
                    "CCHICAGO",
                    "CHICAGOI"
                ],
                "fromBlank": false,
                "fromError": false,
                "to": "CHICAGO"
            },
            {
                "from": [
                    "OLYMPIA FIELDS",
                    "OOLYMPIA FIELDS"
                ],
                "fromBlank": false,
                "fromError": false,
                "to": "OLYMPIA FIELDS"
            },
            {
                "from": [
                    "CHICAGO",
                    "CHICAGOI"
                ],
                "fromBlank": false,
                "fromError": false,
                "to": "CHICAGO"
            }
        ],
        "description": "Mass edit cells in column City"
    },
    {
        "op": "core/mass-edit",
        "engineConfig": {
            "facets": [],
            "mode": "row-based"
        },
        "columnName": "City",
        "expression": "value",
        "edits": [
            {
                "from": [
                    "CHICAGO",
                    "CHICAGOCHICAGO"
                ],
                "fromBlank": false,
                "fromError": false,
                "to": "CHICAGO"
            }
        ],
        "description": "Mass edit cells in column City"
    },
    {
        "op": "core/mass-edit",
        "engineConfig": {
            "facets": [],
            "mode": "row-based"
        },
        "columnName": "City",
        "expression": "value",
        "edits": [
            {
                "from": [
                    "BRIDEVIEW",
                    "BROADVIEW"
                ],
                "fromBlank": false,
                "fromError": false,
                "to": "BROADVIEW"
            },
            {
                "from": [
                    "CHICAGO",
                    "312CHICAGO"
                ],
                "fromBlank": false,
                "fromError": false,
                "to": "CHICAGO"
            }
        ],
        "description": "Mass edit cells in column City"
    },
    {
        "op": "core/mass-edit",
        "engineConfig": {
            "facets": [],
            "mode": "row-based"
        },
        "columnName": "City",
        "expression": "value",
        "edits": [
            {
                "from": [
                    "CHICAGO",
                    "CHCICAGO"
                ],
                "fromBlank": false,
                "fromError": false,
                "to": "CHICAGO"
            }
        ],
        "description": "Mass edit cells in column City"
    },
    {
        "op": "core/mass-edit",
        "engineConfig": {
            "facets": [],
            "mode": "row-based"
        },
        "columnName": "City",
        "expression": "value",
        "edits": [
            {
                "from": [
                    "NILES NILES"
                ],
                "fromBlank": false,
                "fromError": false,
                "to": "NILES"
            }
        ],
        "description": "Mass edit cells in column City"
    },
    {
        "op": "core/mass-edit",
        "engineConfig": {
            "facets": [],
            "mode": "row-based"
        },
        "columnName": "City",
        "expression": "value",
        "edits": [
            {
                "from": [
                    "BANNOCKBURNDEERFIELD"
                ],
                "fromBlank": false,
                "fromError": false,
                "to": "BANNOCKBURN"
            }
        ],
        "description": "Mass edit cells in column City"
    },
    {
        "op": "core/mass-edit",
        "engineConfig": {
            "facets": [],
            "mode": "row-based"
        },
        "columnName": "City",
        "expression": "value",
        "edits": [
            {
                "from": [
                    "INACTIVE"
                ],
                "fromBlank": false,
                "fromError": false,
                "to": ""
            }
        ],
        "description": "Mass edit cells in column City"
    }
]