[
  {
    "op": "core/text-transform",
    "engineConfig": {
      "facets": [],
      "mode": "row-based"
    },
    "columnName": "License #",
    "expression": "value.toNumber()",
    "onError": "keep-original",
    "repeat": false,
    "repeatCount": 10,
    "description": "Text transform on cells in column License # using expression value.toNumber()"
  },
  {
    "op": "core/text-transform",
    "engineConfig": {
      "facets": [
        {
          "type": "range",
          "name": "License #",
          "expression": "value",
          "columnName": "License #",
          "from": 0,
          "to": 10000000,
          "selectNumeric": false,
          "selectNonNumeric": true,
          "selectBlank": true,
          "selectError": true
        }
      ],
      "mode": "row-based"
    },
    "columnName": "License #",
    "expression": "grel:0",
    "onError": "keep-original",
    "repeat": false,
    "repeatCount": 10,
    "description": "Text transform on cells in column License # using expression grel:0"
  }
]